run,timestamp,LR_type,LR_alpha,LR_max_iter,RF_type,RF_n_estimators,RF_max_depth,RF_min_samples_leaf,RF_min_samples_split,RF_max_features,RF_random_state,RF_n_jobs,LGBM_type,LGBM_objective,LGBM_boosting_type,LGBM_num_leaves,LGBM_max_depth,LGBM_learning_rate,LGBM_n_estimators,LGBM_min_child_samples,LGBM_subsample,LGBM_colsample_bytree,LGBM_reg_alpha,LGBM_reg_lambda,LGBM_random_state,LGBM_n_jobs,LGBM_verbose,use_ML_features,device,input_length,pred_length,valid_length,features_in_future,epochs,batch_size,model_dim,num_layers,num_heads,ffn_size,num_geo_blocks,learning_rate,weight_decay,dropout,warmup_steps,patience,min_delta,patch_length,stride,geo_block_ratio,lambda_cross,lambda_coverage,lambda_deriv,lambda_median,smoothing_cross,saturation_cold_degC,threshold_cold_degC,lambda_cold,lambda_regions,lambda_regions_sum,quantiles_0,quantiles_1,quantiles_2,quantiles_3,quantiles_4,metaNN_batch_size,metaNN_epochs,metaNN_learning_rate,metaNN_weight_decay,metaNN_dropout,metaNN_patience,metaNN_factor,metaNN_device,metaNN_num_cells_0,metaNN_num_cells_1,num_features,q10,q25,q50,q75,q90,avg_weight_meta_NN_NNTQ_q50,avg_weight_meta_NN_LR,avg_weight_meta_NN_RF,avg_weight_meta_NN_LGBM,search_NNTQ_bias,search_NNTQ_RMSE,search_NNTQ_MAE,search_LR_bias,search_LR_RMSE,search_LR_MAE,search_RF_bias,search_RF_RMSE,search_RF_MAE,search_LGBM_bias,search_LGBM_RMSE,search_LGBM_MAE,search_meta_LR_bias,search_meta_LR_RMSE,search_meta_LR_MAE,search_meta_NN_bias,search_meta_NN_RMSE,search_meta_NN_MAE,test_NNTQ_bias,test_NNTQ_RMSE,test_NNTQ_MAE,test_LR_bias,test_LR_RMSE,test_LR_MAE,test_RF_bias,test_RF_RMSE,test_RF_MAE,test_LGBM_bias,test_LGBM_RMSE,test_LGBM_MAE,test_meta_LR_bias,test_meta_LR_RMSE,test_meta_LR_MAE,test_meta_NN_bias,test_meta_NN_RMSE,test_meta_NN_MAE,test_coverage_q10,test_coverage_q25,test_coverage_q50,test_coverage_q75,test_coverage_q90,avg_abs_worst_days_search,num_runs,loss_NNTQ,loss_meta
69,2026-09-26 15:06:37.710445,ridge,1.300000,2000,rf,500,25,17,12,sqrt,0,-1,lgbm,regression,gbdt,15,7,0.160000,350,12,0.900000,0.620000,0.090000,0.150000,0,-1,-1,0,cuda,672,72,48,True,24,96,544,6,8,6,5,2000.000000,0.008085,0.160000,3300,4,0.042000,36,18,1,0.058000,0.060000,0.092000,0.000000,0.072000,-7.200000,4.200000,0.130000,0.008000,0.280000,0.100000,0.250000,0.500000,0.750000,0.900000,96,1,3600.000000,0.150000,0.110000,4,0.700000,cuda,60,24,66,0.046882,0.043091,0.039485,0.054681,0.021087,,,,,0.332172,4.146100,3.239000,0.182923,2.621600,2.060900,1.179490,2.499900,1.858400,0.762460,1.942600,1.460300,,,,,,,-2.482807,7.022800,4.969800,-1.691028,5.985900,3.888900,-1.329220,6.226300,3.817000,-1.346741,6.073600,3.649300,,,,,,,-0.005330,-0.056125,-0.104915,-0.145756,-0.169847,8.480865,9,26.640000,
70,2026-09-26 15:11:20.141072,ridge,1.300000,2000,rf,500,25,17,12,sqrt,0,-1,lgbm,regression,gbdt,15,7,0.160000,350,12,0.900000,0.620000,0.090000,0.150000,0,-1,-1,0,cuda,672,72,48,True,20,96,576,6,8,6,4,400.000000,0.004812,0.160000,3300,4,0.042000,48,24,1,0.066000,0.072000,0.096000,0.000000,0.072000,-7.200000,4.200000,0.120000,0.000000,0.280000,0.100000,0.250000,0.500000,0.750000,0.900000,96,1,3600.000000,0.150000,0.110000,4,0.700000,cuda,60,24,66,-0.021928,-0.105924,-0.156620,-0.121668,-0.056087,,,,,-0.901407,2.525300,2.004200,0.182923,2.621600,2.060900,1.179490,2.499900,1.858400,0.762460,1.942600,1.460300,,,,,,,-3.943960,7.648500,4.853900,-1.691028,5.985900,3.888900,-1.329220,6.226300,3.817000,-1.346741,6.073600,3.649300,,,,,,,-0.041832,-0.138422,-0.237096,-0.289413,-0.281536,4.344968,9,23.620000,
71,2026-09-26 15:16:29.649005,ridge,1.300000,2000,rf,500,25,17,12,sqrt,0,-1,lgbm,regression,gbdt,15,7,0.160000,350,12,0.900000,0.620000,0.090000,0.150000,0,-1,-1,0,cuda,672,72,48,True,20,96,608,6,8,6,4,400.000000,0.002058,0.160000,3300,4,0.042000,48,24,1,0.066000,0.072000,0.096000,0.000000,0.072000,-7.100000,4.200000,0.110000,0.000000,0.280000,0.100000,0.250000,0.500000,0.750000,0.900000,96,1,3600.000000,0.150000,0.110000,4,0.700000,cuda,60,24,66,0.047780,-0.006020,-0.043638,-0.112687,-0.064001,,,,,-0.141267,2.264400,1.799700,0.182923,2.621600,2.060900,1.179490,2.499900,1.858400,0.762460,1.942600,1.460300,,,,,,,-2.805668,7.121900,4.250700,-1.691028,5.985900,3.888900,-1.329220,6.226300,3.817000,-1.346741,6.073600,3.649300,,,,,,,0.030724,-0.040057,-0.106091,-0.218369,-0.234789,3.858375,9,22.790000,
72,2026-09-26 15:16:54.144927,ridge,1.300000,2000,rf,500,25,17,12,sqrt,0,-1,lgbm,regression,gbdt,15,7,0.160000,350,12,0.900000,0.620000,0.090000,0.150000,0,-1,-1,0,cuda,672,72,48,True,22,96,608,6,8,6,4,800.000000,0.003775,0.160000,3200,4,0.042000,48,24,1,0.066000,0.072000,0.096000,0.000000,0.072000,-7.300000,4.200000,0.120000,0.000000,0.280000,0.100000,0.250000,0.500000,0.750000,0.900000,96,1,3600.000000,0.150000,0.110000,4,0.700000,cuda,60,24,66,0.013936,0.073567,0.129343,0.094643,0.033547,,,,,1.478196,4.062200,3.167100,0.182923,2.621600,2.060900,1.179490,2.499900,1.858400,0.762460,1.942600,1.460300,,,,,,,-1.711043,7.401300,5.211600,-1.691028,5.985900,3.888900,-1.329220,6.226300,3.817000,-1.346741,6.073600,3.649300,,,,,,,-0.024421,-0.016991,0.000840,-0.095538,-0.182611,7.310468,1,24.910000,
4,2026-09-26 15:18:45.098174,ridge,1.300000,2000,rf,500,25,17,12,sqrt,0,-1,lgbm,regression,gbdt,15,7,0.160000,350,12,0.900000,0.620000,0.090000,0.150000,0,-1,-1,0,cuda,672,72,48,True,22,96,480,4,8,5,9,2812.318262,0.382307,0.020000,1900,9,0.016000,48,24,1,0.020000,0.032000,0.000000,0.000000,0.062000,-4.200000,4.800000,0.130000,0.000000,0.040000,0.100000,0.250000,0.500000,0.750000,0.900000,96,1,3600.000000,0.150000,0.110000,4,0.700000,cuda,60,24,66,0.070563,0.152364,0.189271,0.119511,0.042752,,,,,1.601324,3.826100,3.045300,0.410133,2.653000,2.074500,1.302731,2.700900,2.046400,1.075756,2.277100,1.760800,,,,,,,-1.084037,6.609700,4.382600,-1.215848,5.136500,3.300100,-0.439283,5.214000,3.188200,-0.499030,5.060100,3.000100,,,,,,,-0.000350,0.025890,0.026598,-0.057704,-0.109768,7.068761,1,31.030000,
5,2026-09-26 15:19:22.818615,ridge,1.300000,2000,rf,500,25,17,12,sqrt,0,-1,lgbm,regression,gbdt,15,7,0.160000,350,12,0.900000,0.620000,0.090000,0.150000,0,-1,-1,0,cuda,672,72,48,True,16,32,644,5,7,6,9,8595.283551,2.023332,0.060000,2700,3,0.040000,48,12,1,0.042000,0.060000,0.016000,0.000000,0.060000,-8.000000,2.100000,0.070000,0.016000,0.280000,0.100000,0.250000,0.500000,0.750000,0.900000,96,1,3600.000000,0.150000,0.110000,4,0.700000,cuda,60,24,66,0.080794,0.118015,0.121163,0.142262,0.074183,,,,,0.410274,9.170300,7.606400,0.410133,2.653000,2.074500,1.302731,2.700900,2.046400,1.075756,2.277100,1.760800,,,,,,,-2.432713,10.660100,8.589400,-1.215848,5.136500,3.300100,-0.439283,5.214000,3.188200,-0.499030,5.060100,3.000100,,,,,,,0.015817,0.029131,0.011697,0.033937,0.048294,22.155396,1,60.450000,
6,2026-09-26 15:19:58.760604,ridge,1.300000,2000,rf,500,25,17,12,sqrt,0,-1,lgbm,regression,gbdt,15,7,0.160000,350,12,0.900000,0.620000,0.090000,0.150000,0,-1,-1,0,cuda,672,72,48,True,10,32,480,4,6,5,10,4250.739219,6.910286,0.160000,3100,7,0.048000,48,24,1,0.062000,0.020000,0.076000,0.000000,0.026000,-2.400000,3.900000,0.090000,0.040000,0.240000,0.100000,0.250000,0.500000,0.750000,0.900000,96,1,3600.000000,0.150000,0.110000,4,0.700000,cuda,60,24,66,0.059224,0.106898,0.195180,0.093250,0.023361,,,,,3.302234,7.040100,5.172200,0.410133,2.653000,2.074500,1.302731,2.700900,2.046400,1.075756,2.277100,1.760800,,,,,,,-1.263080,8.735800,6.198600,-1.215848,5.136500,3.300100,-0.439283,5.214000,3.188200,-0.499030,5.060100,3.000100,,,,,,,-0.021025,-0.055208,-0.007562,-0.119990,-0.153837,17.499741,1,48.920000,
7,2026-09-26 15:20:26.991225,ridge,1.300000,2000,rf,500,25,17,12,sqrt,0,-1,lgbm,regression,gbdt,15,7,0.160000,350,12,0.900000,0.620000,0.090000,0.150000,0,-1,-1,0,cuda,672,72,48,True,28,64,608,6,8,4,10,519.508278,2.751204,0.060000,3500,4,0.020000,48,24,1,0.018000,0.096000,0.096000,0.000000,0.032000,-6.900000,2.400000,0.180000,0.080000,0.200000,0.100000,0.250000,0.500000,0.750000,0.900000,96,1,3600.000000,0.150000,0.110000,4,0.700000,cuda,60,24,66,0.093167,0.096962,0.048366,-0.063204,-0.049030,,,,,0.297669,3.039300,2.383000,0.410133,2.653000,2.074500,1.302731,2.700900,2.046400,1.075756,2.277100,1.760800,,,,,,,-2.445453,6.765700,4.215900,-1.215848,5.136500,3.300100,-0.439283,5.214000,3.188200,-0.499030,5.060100,3.000100,,,,,,,0.015259,-0.023022,-0.116264,-0.238638,-0.223052,5.421750,1,27.920000,
8,2026-09-26 15:20:42.581721,ridge,1.300000,2000,rf,500,25,17,12,sqrt,0,-1,lgbm,regression,gbdt,15,7,0.160000,350,12,0.900000,0.620000,0.090000,0.150000,0,-1,-1,0,cuda,672,72,48,True,28,128,304,6,4,7,10,8225.910938,0.021147,0.120000,2100,4,0.024000,36,18,1,0.032000,0.052000,0.040000,0.000000,0.024000,-5.700000,0.300000,0.140000,0.056000,0.160000,0.100000,0.250000,0.500000,0.750000,0.900000,96,1,3600.000000,0.150000,0.110000,4,0.700000,cuda,60,24,66,0.283897,0.315429,0.332539,0.191496,0.073961,,,,,4.065351,6.201800,5.077100,0.410133,2.653000,2.074500,1.302731,2.700900,2.046400,1.075756,2.277100,1.760800,,,,,,,1.000830,6.621900,5.078200,-1.215848,5.136500,3.300100,-0.439283,5.214000,3.188200,-0.499030,5.060100,3.000100,,,,,,,0.148286,0.147333,0.150536,0.040754,-0.045358,12.690855,1,65.660000,
9,2026-09-26 15:21:29.678682,ridge,1.300000,2000,rf,500,25,17,12,sqrt,0,-1,lgbm,regression,gbdt,15,7,0.160000,350,12,0.900000,0.620000,0.090000,0.150000,0,-1,-1,0,cuda,672,72,48,True,16,32,512,7,8,6,5,3688.294807,0.002204,0.020000,4000,9,0.026000,48,24,1,0.042000,0.092000,0.032000,0.000000,0.042000,-6.900000,0.100000,0.130000,0.032000,0.200000,0.100000,0.250000,0.500000,0.750000,0.900000,96,1,3600.000000,0.150000,0.110000,4,0.700000,cuda,60,24,66,0.064469,0.132752,0.155882,0.104774,0.038319,,,,,2.138833,5.769400,4.451500,0.410133,2.653000,2.074500,1.302731,2.700900,2.046400,1.075756,2.277100,1.760800,,,,,,,-0.390934,7.196900,5.434700,-1.215848,5.136500,3.300100,-0.439283,5.214000,3.188200,-0.499030,5.060100,3.000100,,,,,,,0.017382,0.023022,0.009313,-0.051930,-0.087193,13.528574,1,41.700000,
13,2026-09-26 15:24:47.102234,ridge,1.300000,2000,rf,500,25,17,12,sqrt,0,-1,lgbm,regression,gbdt,15,7,0.160000,350,12,0.900000,0.620000,0.090000,0.150000,0,-1,-1,0,cuda,672,72,48,True,18,128,660,4,5,2,3,697.918448,0.001246,0.120000,1500,7,0.032000,36,12,1,0.054000,0.000000,0.076000,0.000000,0.058000,-5.900000,3.100000,0.040000,0.024000,0.400000,0.100000,0.250000,0.500000,0.750000,0.900000,96,1,3600.000000,0.150000,0.110000,4,0.700000,cuda,60,24,66,0.144728,0.182761,0.076620,-0.038199,-0.077285,,,,,0.278610,1.918600,1.481900,0.410133,2.653000,2.074500,1.302731,2.700900,2.046400,1.075756,2.277100,1.760800,,,,,,,-1.780506,5.674900,3.073100,-1.215848,5.136500,3.300100,-0.439283,5.214000,3.188200,-0.499030,5.060100,3.000100,,,,,,,0.067076,0.049657,-0.067389,-0.183542,-0.225995,3.868156,1,33.780000,
14,2026-09-26 15:25:16.256890,ridge,1.300000,2000,rf,500,25,17,12,sqrt,0,-1,lgbm,regression,gbdt,15,7,0.160000,350,12,0.900000,0.620000,0.090000,0.150000,0,-1,-1,0,cuda,672,72,48,True,10,64,432,5,6,4,7,1281.833192,0.019798,0.200000,500,6,0.038000,36,12,1,0.074000,0.080000,0.056000,0.000000,0.034000,-4.300000,3.100000,0.170000,0.096000,0.600000,0.100000,0.250000,0.500000,0.750000,0.900000,96,1,3600.000000,0.150000,0.110000,4,0.700000,cuda,60,24,66,0.071819,0.082225,0.105171,0.064257,0.011247,,,,,0.969089,3.560600,2.783900,0.410133,2.653000,2.074500,1.302731,2.700900,2.046400,1.075756,2.277100,1.760800,,,,,,,-1.409057,6.235900,4.011900,-1.215848,5.136500,3.300100,-0.439283,5.214000,3.188200,-0.499030,5.060100,3.000100,,,,,,,-0.001505,-0.019744,-0.019297,-0.074356,-0.129884,7.037406,1,24.930000,
15,2026-09-26 15:25:49.515928,ridge,1.300000,2000,rf,500,25,17,12,sqrt,0,-1,lgbm,regression,gbdt,15,7,0.160000,350,12,0.900000,0.620000,0.090000,0.150000,0,-1,-1,0,cuda,672,72,48,True,24,96,644,7,7,3,7,1710.698618,0.201886,0.120000,2600,5,0.048000,36,18,1,0.052000,0.040000,0.068000,0.000000,0.054000,-3.200000,-1.000000,0.180000,0.072000,0.400000,0.100000,0.250000,0.500000,0.750000,0.900000,96,1,3600.000000,0.150000,0.110000,4,0.700000,cuda,60,24,66,0.050434,0.057812,0.102770,0.051773,0.033296,,,,,1.006123,4.225900,3.267300,0.410133,2.653000,2.074500,1.302731,2.700900,2.046400,1.075756,2.277100,1.760800,,,,,,,-1.408614,6.524900,4.528800,-1.215848,5.136500,3.300100,-0.439283,5.214000,3.188200,-0.499030,5.060100,3.000100,,,,,,,-0.007801,-0.032596,-0.039785,-0.100209,-0.097996,8.242146,1,25.040000,
16,2026-09-26 15:26:45.054933,ridge,1.300000,2000,rf,500,25,17,12,sqrt,0,-1,lgbm,regression,gbdt,15,7,0.160000,350,12,0.900000,0.620000,0.090000,0.150000,0,-1,-1,0,cuda,672,72,48,True,18,64,364,3,7,7,3,549.658943,0.033952,0.180000,1500,8,0.028000,42,6,1,0.002000,0.016000,0.080000,0.000000,0.064000,-6.100000,5.000000,0.090000,0.040000,0.480000,0.100000,0.250000,0.500000,0.750000,0.900000,96,1,3600.000000,0.150000,0.110000,4,0.700000,cuda,60,24,66,0.155069,0.171053,0.059298,-0.044700,-0.106316,,,,,0.257821,1.874200,1.474000,0.410133,2.653000,2.074500,1.302731,2.700900,2.046400,1.075756,2.277100,1.760800,,,,,,,-1.655340,5.642400,3.019200,-1.215848,5.136500,3.300100,-0.439283,5.214000,3.188200,-0.499030,5.060100,3.000100,,,,,,,0.080934,0.061354,-0.055990,-0.162383,-0.223648,3.560750,1,34.850000,
17,2026-09-26 15:27:30.165246,ridge,1.300000,2000,rf,500,25,17,12,sqrt,0,-1,lgbm,regression,gbdt,15,7,0.160000,350,12,0.900000,0.620000,0.090000,0.150000,0,-1,-1,0,cuda,672,72,48,True,14,128,580,5,5,3,3,426.285810,0.989264,0.140000,4000,10,0.036000,48,12,1,0.072000,0.040000,0.040000,0.000000,0.038000,-4.800000,3.600000,0.200000,0.080000,0.560000,0.100000,0.250000,0.500000,0.750000,0.900000,96,1,3600.000000,0.150000,0.110000,4,0.700000,cuda,60,24,66,0.152669,0.154321,0.070711,-0.032438,-0.073703,,,,,0.377141,2.214600,1.746500,0.410133,2.653000,2.074500,1.302731,2.700900,2.046400,1.075756,2.277100,1.760800,,,,,,,-1.917054,5.922100,3.344500,-1.215848,5.136500,3.300100,-0.439283,5.214000,3.188200,-0.499030,5.060100,3.000100,,,,,,,0.060781,0.024065,-0.086090,-0.190322,-0.232812,3.743927,1,32.130000,
18,2026-09-26 15:28:00.519398,ridge,1.300000,2000,rf,500,25,17,12,sqrt,0,-1,lgbm,regression,gbdt,15,7,0.160000,350,12,0.900000,0.620000,0.090000,0.150000,0,-1,-1,0,cuda,672,72,48,True,20,64,672,4,7,5,6,751.005275,0.010199,0.080000,2500,5,0.030000,36,18,1,0.048000,0.084000,0.084000,0.000000,0.066000,-6.300000,1.400000,0.160000,0.048000,0.360000,0.100000,0.250000,0.500000,0.750000,0.900000,96,1,3600.000000,0.150000,0.110000,4,0.700000,cuda,60,24,66,0.098227,0.059695,-0.007368,-0.050462,-0.025023,,,,,-0.156468,3.092100,2.403400,0.410133,2.653000,2.074500,1.302731,2.700900,2.046400,1.075756,2.277100,1.760800,,,,,,,-3.044649,7.023300,4.347100,-1.215848,5.136500,3.300100,-0.439283,5.214000,3.188200,-0.499030,5.060100,3.000100,,,,,,,0.000805,-0.069885,-0.177880,-0.234131,-0.203867,5.574719,1,24.660000,
19,2026-09-26 15:28:44.168709,ridge,1.300000,2000,rf,500,25,17,12,sqrt,0,-1,lgbm,regression,gbdt,15,7,0.160000,350,12,0.900000,0.620000,0.090000,0.150000,0,-1,-1,0,cuda,672,72,48,True,14,96,608,7,4,4,2,1588.925270,0.001178,0.180000,1000,3,0.046000,42,6,1,0.070000,0.064000,0.052000,0.000000,0.050000,-7.800000,2.700000,0.100000,0.024000,0.080000,0.100000,0.250000,0.500000,0.750000,0.900000,96,1,3600.000000,0.150000,0.110000,4,0.700000,cuda,60,24,66,0.082936,0.038310,0.035993,0.024626,-0.035549,,,,,0.348970,5.437200,4.208100,0.410133,2.653000,2.074500,1.302731,2.700900,2.046400,1.075756,2.277100,1.760800,,,,,,,-2.809076,7.989400,5.735400,-1.215848,5.136500,3.300100,-0.439283,5.214000,3.188200,-0.499030,5.060100,3.000100,,,,,,,0.006989,-0.066421,-0.106392,-0.149568,-0.200030,11.445218,1,32.740000,
21,2026-09-26 15:30:24.291973,ridge,1.300000,2000,rf,500,25,17,12,sqrt,0,-1,lgbm,regression,gbdt,15,7,0.160000,350,12,0.900000,0.620000,0.090000,0.150000,0,-1,-1,0,cuda,672,72,48,True,26,96,540,5,5,2,4,901.824649,0.615420,0.180000,1700,6,0.014000,48,12,1,0.028000,0.048000,0.024000,0.000000,0.054000,-5.100000,1.700000,0.040000,0.088000,0.360000,0.100000,0.250000,0.500000,0.750000,0.900000,96,1,3600.000000,0.150000,0.110000,4,0.700000,cuda,60,24,66,0.170249,0.163038,0.081681,-0.026417,-0.046630,,,,,0.457141,2.052500,1.623900,0.410133,2.653000,2.074500,1.302731,2.700900,2.046400,1.075756,2.277100,1.760800,,,,,,,-1.656022,5.650400,3.171000,-1.215848,5.136500,3.300100,-0.439283,5.214000,3.188200,-0.499030,5.060100,3.000100,,,,,,,0.083840,0.050402,-0.053457,-0.176427,-0.208449,3.820802,1,32.490000,
22,2026-09-26 15:31:33.197500,ridge,1.300000,2000,rf,500,25,17,12,sqrt,0,-1,lgbm,regression,gbdt,15,7,0.160000,350,12,0.900000,0.620000,0.090000,0.150000,0,-1,-1,0,cuda,672,72,48,True,24,96,432,5,6,3,5,580.769423,0.090241,0.140000,1000,5,0.022000,42,6,1,0.032000,0.012000,0.012000,0.000000,0.044000,-3.400000,0.900000,0.060000,0.088000,0.480000,0.100000,0.250000,0.500000,0.750000,0.900000,96,1,3600.000000,0.150000,0.110000,4,0.700000,cuda,60,24,66,0.079834,0.086214,-0.015642,-0.108227,-0.138412,,,,,-0.138524,1.921500,1.506900,0.410133,2.653000,2.074500,1.302731,2.700900,2.046400,1.075756,2.277100,1.760800,,,,,,,-1.982483,5.791200,3.202400,-1.215848,5.136500,3.300100,-0.439283,5.214000,3.188200,-0.499030,5.060100,3.000100,,,,,,,0.046886,0.017807,-0.103077,-0.208091,-0.256392,3.556594,1,30.110000,
24,2026-09-26 15:32:12.472804,ridge,1.300000,2000,rf,500,25,17,12,sqrt,0,-1,lgbm,regression,gbdt,15,7,0.160000,350,12,0.900000,0.620000,0.090000,0.150000,0,-1,-1,0,cuda,672,72,48,True,26,96,440,3,5,2,3,2542.738779,0.234577,0.200000,1300,5,0.012000,48,12,1,0.014000,0.100000,0.044000,0.000000,0.052000,-4.800000,2.200000,0.070000,0.064000,0.360000,0.100000,0.250000,0.500000,0.750000,0.900000,96,1,3600.000000,0.150000,0.110000,4,0.700000,cuda,60,24,66,0.106094,0.079566,0.069086,0.021782,-0.023102,,,,,0.496059,3.247200,2.524500,0.410133,2.653000,2.074500,1.302731,2.700900,2.046400,1.075756,2.277100,1.760800,,,,,,,-1.699364,5.856100,3.982600,-1.215848,5.136500,3.300100,-0.439283,5.214000,3.188200,-0.499030,5.060100,3.000100,,,,,,,0.050238,-0.016875,-0.068656,-0.146625,-0.176449,6.197458,1,25.890000,
25,2026-09-26 15:32:49.196713,ridge,1.300000,2000,rf,500,25,17,12,sqrt,0,-1,lgbm,regression,gbdt,15,7,0.160000,350,12,0.900000,0.620000,0.090000,0.150000,0,-1,-1,0,cuda,672,72,48,True,26,64,528,4,6,2,2,5358.579781,0.065554,0.180000,800,7,0.018000,42,6,1,0.000000,0.028000,0.032000,0.000000,0.056000,-5.400000,3.300000,0.060000,0.080000,0.440000,0.100000,0.250000,0.500000,0.750000,0.900000,96,1,3600.000000,0.150000,0.110000,4,0.700000,cuda,60,24,66,0.125042,0.164294,0.155402,-0.015559,-0.009067,,,,,1.387584,3.758200,2.878600,0.410133,2.653000,2.074500,1.302731,2.700900,2.046400,1.075756,2.277100,1.760800,,,,,,,-1.268313,6.425800,4.216900,-1.215848,5.136500,3.300100,-0.439283,5.214000,3.188200,-0.499030,5.060100,3.000100,,,,,,,0.034779,0.031739,-0.011548,-0.171956,-0.166913,8.369989,1,37.830000,
27,2026-09-26 15:33:28.754039,ridge,1.300000,2000,rf,500,25,17,12,sqrt,0,-1,lgbm,regression,gbdt,15,7,0.160000,350,12,0.900000,0.620000,0.090000,0.150000,0,-1,-1,0,cuda,672,72,48,True,28,128,384,4,4,3,6,1423.320374,1.249810,0.000000,1900,5,0.012000,48,12,1,0.010000,0.088000,0.048000,0.000000,0.040000,-6.300000,2.600000,0.080000,0.064000,0.600000,0.100000,0.250000,0.500000,0.750000,0.900000,96,1,3600.000000,0.150000,0.110000,4,0.700000,cuda,60,24,66,0.226574,0.292715,0.212761,0.085568,0.004561,,,,,1.216716,2.920600,2.339300,0.410133,2.653000,2.074500,1.302731,2.700900,2.046400,1.075756,2.277100,1.760800,,,,,,,-1.277545,5.861500,3.797400,-1.215848,5.136500,3.300100,-0.439283,5.214000,3.188200,-0.499030,5.060100,3.000100,,,,,,,0.124482,0.133587,0.014789,-0.112092,-0.182894,5.716364,1,45.670000,
28,2026-09-26 15:33:50.730275,ridge,1.300000,2000,rf,500,25,17,12,sqrt,0,-1,lgbm,regression,gbdt,15,7,0.160000,350,12,0.900000,0.620000,0.090000,0.150000,0,-1,-1,0,cuda,672,72,48,True,26,128,480,4,5,3,3,2489.989588,9.474365,0.140000,1300,5,0.016000,48,12,1,0.006000,0.080000,0.032000,0.000000,0.046000,-6.600000,1.500000,0.050000,0.072000,0.520000,0.100000,0.250000,0.500000,0.750000,0.900000,96,1,3600.000000,0.150000,0.110000,4,0.700000,cuda,60,24,66,0.147202,0.160416,0.132318,0.083204,0.020185,,,,,1.329389,3.881700,3.080200,0.410133,2.653000,2.074500,1.302731,2.700900,2.046400,1.075756,2.277100,1.760800,,,,,,,-1.174725,6.234500,4.279000,-1.215848,5.136500,3.300100,-0.439283,5.214000,3.188200,-0.499030,5.060100,3.000100,,,,,,,0.053070,0.035874,-0.008829,-0.071264,-0.124296,7.154292,1,34.610000,
29,2026-09-26 15:34:02.848694,ridge,1.300000,2000,rf,500,25,17,12,sqrt,0,-1,lgbm,regression,gbdt,15,7,0.160000,350,12,0.900000,0.620000,0.090000,0.150000,0,-1,-1,0,cuda,672,72,48,True,24,128,308,3,7,2,5,1758.948730,3.848006,0.180000,2300,3,0.018000,36,18,1,0.024000,0.056000,0.024000,0.000000,0.066000,-5.700000,0.600000,0.080000,0.056000,0.320000,0.100000,0.250000,0.500000,0.750000,0.900000,96,1,3600.000000,0.150000,0.110000,4,0.700000,cuda,60,24,66,0.137525,0.118680,0.068421,-0.023536,-0.011690,,,,,0.562617,3.184600,2.518300,0.410133,2.653000,2.074500,1.302731,2.700900,2.046400,1.075756,2.277100,1.760800,,,,,,,-1.753477,6.238000,3.966200,-1.215848,5.136500,3.300100,-0.439283,5.214000,3.188200,-0.499030,5.060100,3.000100,,,,,,,0.061489,0.030137,-0.058821,-0.159030,-0.164119,6.046813,1,30.560000,
30,2026-09-26 15:34:25.941069,ridge,1.300000,2000,rf,500,25,17,12,sqrt,0,-1,lgbm,regression,gbdt,15,7,0.160000,350,12,0.900000,0.620000,0.090000,0.150000,0,-1,-1,0,cuda,672,72,48,True,28,96,560,4,5,3,5,3163.882113,0.430053,0.200000,1700,8,0.014000,36,18,1,0.010000,0.068000,0.008000,0.000000,0.036000,-4.600000,1.800000,0.060000,0.072000,0.400000,0.100000,0.250000,0.500000,0.750000,0.900000,96,1,3600.000000,0.150000,0.110000,4,0.700000,cuda,60,24,66,0.136454,0.184977,0.219077,0.141856,0.052539,,,,,2.276555,4.465000,3.445200,0.410133,2.653000,2.074500,1.302731,2.700900,2.046400,1.075756,2.277100,1.760800,,,,,,,0.088632,6.402700,4.548800,-1.215848,5.136500,3.300100,-0.439283,5.214000,3.188200,-0.499030,5.060100,3.000100,,,,,,,0.072553,0.094248,0.098607,0.003390,-0.081605,9.290564,1,41.030000,
31,2026-09-26 15:34:56.595732,ridge,1.300000,2000,rf,500,25,17,12,sqrt,0,-1,lgbm,regression,gbdt,15,7,0.160000,350,12,0.900000,0.620000,0.090000,0.150000,0,-1,-1,0,cuda,672,72,48,True,22,128,384,3,6,2,2,1108.746410,0.851406,0.200000,800,6,0.012000,48,12,1,0.016000,0.100000,0.068000,0.000000,0.048000,-5.400000,3.600000,0.150000,0.088000,0.520000,0.100000,0.250000,0.500000,0.750000,0.900000,96,1,3600.000000,0.150000,0.110000,4,0.700000,cuda,60,24,66,0.175346,0.150369,0.067091,-0.032844,-0.045965,,,,,0.337584,2.072700,1.632900,0.410133,2.653000,2.074500,1.302731,2.700900,2.046400,1.075756,2.277100,1.760800,,,,,,,-1.641714,5.620500,3.162500,-1.215848,5.136500,3.300100,-0.439283,5.214000,3.188200,-0.499030,5.060100,3.000100,,,,,,,0.098964,0.048912,-0.054351,-0.175197,-0.199136,3.759750,1,32.070000,
32,2026-09-26 15:35:24.979271,ridge,1.300000,2000,rf,500,25,17,12,sqrt,0,-1,lgbm,regression,gbdt,15,7,0.160000,350,12,0.900000,0.620000,0.090000,0.150000,0,-1,-1,0,cuda,672,72,48,True,24,96,504,3,6,2,3,2071.419679,0.345412,0.180000,1300,5,0.020000,30,6,1,0.036000,0.080000,0.052000,0.000000,0.058000,-5.600000,2.700000,0.090000,0.096000,0.440000,0.100000,0.250000,0.500000,0.750000,0.900000,96,1,3600.000000,0.150000,0.110000,4,0.700000,cuda,60,24,66,0.143066,0.171902,0.247221,0.161505,0.058264,,,,,1.688343,3.221500,2.586100,0.410133,2.653000,2.074500,1.302731,2.700900,2.046400,1.075756,2.277100,1.760800,,,,,,,-1.120304,6.164300,3.883400,-1.215848,5.136500,3.300100,-0.439283,5.214000,3.188200,-0.499030,5.060100,3.000100,,,,,,,0.046625,0.015422,0.036954,-0.029616,-0.104217,5.580375,1,34.370000,
33,2026-09-26 15:35:52.081788,ridge,1.300000,2000,rf,500,25,17,12,sqrt,0,-1,lgbm,regression,gbdt,15,7,0.160000,350,12,0.900000,0.620000,0.090000,0.150000,0,-1,-1,0,cuda,672,72,48,True,26,32,576,3,6,2,4,1955.685020,0.148748,0.160000,800,6,0.016000,48,12,1,0.024000,0.044000,0.040000,0.000000,0.050000,-3.700000,3.500000,0.110000,0.088000,0.480000,0.100000,0.250000,0.500000,0.750000,0.900000,96,1,3600.000000,0.150000,0.110000,4,0.700000,cuda,60,24,66,0.135974,0.173749,0.205633,0.154931,0.068495,,,,,1.682455,3.501400,2.778100,0.410133,2.653000,2.074500,1.302731,2.700900,2.046400,1.075756,2.277100,1.760800,,,,,,,-0.533486,5.563200,3.838000,-1.215848,5.136500,3.300100,-0.439283,5.214000,3.188200,-0.499030,5.060100,3.000100,,,,,,,0.070243,0.061243,0.044703,-0.012405,-0.076725,7.092771,1,36.360000,
35,2026-09-26 15:36:46.142497,ridge,1.300000,2000,rf,500,25,17,12,sqrt,0,-1,lgbm,regression,gbdt,15,7,0.160000,350,12,0.900000,0.620000,0.090000,0.150000,0,-1,-1,0,cuda,672,72,48,True,28,96,336,5,7,4,4,1290.165026,1.669820,0.160000,1600,4,0.014000,48,12,1,0.006000,0.088000,0.024000,0.000000,0.056000,-6.600000,2.000000,0.110000,0.056000,0.560000,0.100000,0.250000,0.500000,0.750000,0.900000,96,1,3600.000000,0.150000,0.110000,4,0.700000,cuda,60,24,66,0.146907,0.174857,0.124746,0.066140,-0.000979,,,,,0.781300,2.766700,2.164600,0.410133,2.653000,2.074500,1.302731,2.700900,2.046400,1.075756,2.277100,1.760800,,,,,,,-1.800564,6.278300,3.850500,-1.215848,5.136500,3.300100,-0.439283,5.214000,3.188200,-0.499030,5.060100,3.000100,,,,,,,0.058732,0.040083,-0.049248,-0.122150,-0.179020,4.878177,1,30.950000,
37,2026-09-26 15:37:26.746574,ridge,1.300000,2000,rf,500,25,17,12,sqrt,0,-1,lgbm,regression,gbdt,15,7,0.160000,350,12,0.900000,0.620000,0.090000,0.150000,0,-1,-1,0,cuda,672,72,48,True,22,96,408,5,6,4,4,668.389762,0.583181,0.160000,1200,3,0.012000,36,18,1,0.006000,0.076000,0.032000,0.000000,0.054000,-6.000000,4.400000,0.100000,0.080000,0.560000,0.100000,0.250000,0.500000,0.750000,0.900000,96,1,3600.000000,0.150000,0.110000,4,0.700000,cuda,60,24,66,0.144174,0.172235,0.158578,0.070277,0.018560,,,,,1.593700,4.295300,3.350100,0.410133,2.653000,2.074500,1.302731,2.700900,2.046400,1.075756,2.277100,1.760800,,,,,,,-1.291892,6.417200,4.478100,-1.215848,5.136500,3.300100,-0.439283,5.214000,3.188200,-0.499030,5.060100,3.000100,,,,,,,0.047370,0.036246,-0.013709,-0.107771,-0.143108,9.205906,1,39.580000,
38,2026-09-26 15:37:43.472764,ridge,1.300000,2000,rf,500,25,17,12,sqrt,0,-1,lgbm,regression,gbdt,15,7,0.160000,350,12,0.900000,0.620000,0.090000,0.150000,0,-1,-1,0,cuda,672,72,48,True,28,96,336,4,7,3,5,2076.217531,2.002621,0.100000,2300,4,0.022000,48,12,1,0.022000,0.064000,0.004000,0.000000,0.068000,-7.600000,4.000000,0.120000,0.064000,0.320000,0.100000,0.250000,0.500000,0.750000,0.900000,96,1,3600.000000,0.150000,0.110000,4,0.700000,cuda,60,24,66,0.128624,0.213527,0.232669,0.097165,0.028384,,,,,1.479306,2.939300,2.358800,0.410133,2.653000,2.074500,1.302731,2.700900,2.046400,1.075756,2.277100,1.760800,,,,,,,-1.132279,6.168200,3.838000,-1.215848,5.136500,3.300100,-0.439283,5.214000,3.188200,-0.499030,5.060100,3.000100,,,,,,,0.041708,0.072940,0.043026,-0.092982,-0.144151,5.215937,1,33.930000,
39,2026-09-26 15:38:00.292844,ridge,1.300000,2000,rf,500,25,17,12,sqrt,0,-1,lgbm,regression,gbdt,15,7,0.160000,350,12,0.900000,0.620000,0.090000,0.150000,0,-1,-1,0,cuda,672,72,48,True,24,96,336,6,4,3,7,5802.635335,3.537149,0.200000,1800,4,0.016000,48,12,1,0.018000,0.092000,0.036000,0.000000,0.058000,-7.300000,1.300000,0.080000,0.048000,0.240000,0.100000,0.250000,0.500000,0.750000,0.900000,96,1,3600.000000,0.150000,0.110000,4,0.700000,cuda,60,24,66,0.256787,0.257553,0.284044,0.202022,0.081717,,,,,3.646090,6.022400,4.748500,0.410133,2.653000,2.074500,1.302731,2.700900,2.046400,1.075756,2.277100,1.760800,,,,,,,0.824291,6.679900,5.156100,-1.215848,5.136500,3.300100,-0.439283,5.214000,3.188200,-0.499030,5.060100,3.000100,,,,,,,0.137781,0.116153,0.131836,0.042989,-0.065773,14.159480,1,63.390000,
40,2026-09-26 15:38:26.715629,ridge,1.300000,2000,rf,500,25,17,12,sqrt,0,-1,lgbm,regression,gbdt,15,7,0.160000,350,12,0.900000,0.620000,0.090000,0.150000,0,-1,-1,0,cuda,672,72,48,True,28,32,504,5,6,4,3,1455.079722,0.308330,0.160000,1500,3,0.020000,36,18,1,0.002000,0.056000,0.048000,0.000000,0.060000,-7.000000,1.900000,0.050000,0.080000,0.120000,0.100000,0.250000,0.500000,0.750000,0.900000,96,1,3600.000000,0.150000,0.110000,4,0.700000,cuda,60,24,66,0.112262,0.088061,0.054054,-0.007987,-0.051247,,,,,0.246542,3.331000,2.601200,0.410133,2.653000,2.074500,1.302731,2.700900,2.046400,1.075756,2.277100,1.760800,,,,,,,-2.564257,6.693300,4.337000,-1.215848,5.136500,3.300100,-0.439283,5.214000,3.188200,-0.499030,5.060100,3.000100,,,,,,,0.026993,-0.039748,-0.116115,-0.200715,-0.235717,6.715792,1,29.560000,
41,2026-09-26 15:38:51.522148,ridge,1.300000,2000,rf,500,25,17,12,sqrt,0,-1,lgbm,regression,gbdt,15,7,0.160000,350,12,0.900000,0.620000,0.090000,0.150000,0,-1,-1,0,cuda,672,72,48,True,26,96,380,6,5,3,4,851.015666,5.669080,0.180000,2100,4,0.018000,48,12,1,0.012000,0.072000,0.020000,0.000000,0.062000,-6.500000,2.300000,0.070000,0.072000,0.320000,0.100000,0.250000,0.500000,0.750000,0.900000,96,1,3600.000000,0.150000,0.110000,4,0.700000,cuda,60,24,66,0.094275,0.150111,0.140000,0.094875,0.038061,,,,,0.931249,2.853300,2.233000,0.410133,2.653000,2.074500,1.302731,2.700900,2.046400,1.075756,2.277100,1.760800,,,,,,,-1.378017,5.850500,3.701200,-1.215848,5.136500,3.300100,-0.439283,5.214000,3.188200,-0.499030,5.060100,3.000100,,,,,,,0.040292,0.043958,-0.015236,-0.078826,-0.124706,5.574771,1,27.510000,
42,2026-09-26 15:39:12.326247,ridge,1.300000,2000,rf,500,25,17,12,sqrt,0,-1,lgbm,regression,gbdt,15,7,0.160000,350,12,0.900000,0.620000,0.090000,0.150000,0,-1,-1,0,cuda,672,72,48,True,26,96,360,5,5,3,4,1246.661794,1.411749,0.180000,2000,5,0.014000,48,12,1,0.008000,0.092000,0.016000,0.000000,0.062000,-7.500000,2.500000,0.050000,0.072000,0.280000,0.100000,0.250000,0.500000,0.750000,0.900000,96,1,3600.000000,0.150000,0.110000,4,0.700000,cuda,60,24,66,0.132318,0.057295,-0.035291,-0.076574,-0.077987,,,,,-0.227207,3.233300,2.530500,0.410133,2.653000,2.074500,1.302731,2.700900,2.046400,1.075756,2.277100,1.760800,,,,,,,-2.920111,6.833300,4.384500,-1.215848,5.136500,3.300100,-0.439283,5.214000,3.188200,-0.499030,5.060100,3.000100,,,,,,,0.032767,-0.062584,-0.181456,-0.249963,-0.246595,5.631979,1,31.240000,
43,2026-09-26 15:39:48.571828,ridge,1.300000,2000,rf,500,25,17,12,sqrt,0,-1,lgbm,regression,gbdt,15,7,0.160000,350,12,0.900000,0.620000,0.090000,0.150000,0,-1,-1,0,cuda,672,72,48,True,28,96,460,6,5,2,3,957.044817,2.658634,0.200000,1400,4,0.016000,48,12,1,0.014000,0.084000,0.028000,0.000000,0.044000,-6.200000,2.300000,0.100000,0.088000,0.240000,0.100000,0.250000,0.500000,0.750000,0.900000,96,1,3600.000000,0.150000,0.110000,4,0.700000,cuda,60,24,66,0.087368,0.103906,0.003084,-0.048135,-0.013352,,,,,0.006044,3.023800,2.359600,0.410133,2.653000,2.074500,1.302731,2.700900,2.046400,1.075756,2.277100,1.760800,,,,,,,-2.416874,6.283800,4.090400,-1.215848,5.136500,3.300100,-0.439283,5.214000,3.188200,-0.499030,5.060100,3.000100,,,,,,,0.032357,-0.000522,-0.136567,-0.219006,-0.189897,5.145927,1,24.840000,
43,2026-09-26 15:44:37.588034,ridge,1.300000,2000,rf,500,25,17,12,sqrt,0,-1,lgbm,regression,gbdt,15,7,0.160000,350,12,0.900000,0.620000,0.090000,0.150000,0,-1,-1,0,cuda,672,72,48,True,10,64,624,7,4,5,2,638.254263,0.008626,0.140000,3700,6,0.040000,48,24,1,0.058000,0.004000,0.092000,0.000000,0.070000,-2.300000,4.200000,0.200000,0.008000,0.240000,0.100000,0.250000,0.500000,0.750000,0.900000,96,1,3600.000000,0.150000,0.110000,4,0.700000,cuda,60,24,66,0.024617,0.041560,0.061514,0.079880,0.002936,,,,,0.877826,4.709800,3.745400,0.410133,2.653000,2.074500,1.302731,2.700900,2.046400,1.075756,2.277100,1.760800,,,,,,,-1.521942,7.590500,5.334400,-1.215848,5.136500,3.300100,-0.439283,5.214000,3.188200,-0.499030,5.060100,3.000100,,,,,,,-0.011898,-0.024624,-0.048428,-0.061951,-0.130405,8.950812,1,24.570000,
44,2026-09-26 15:47:06.968732,ridge,1.300000,2000,rf,500,25,17,12,sqrt,0,-1,lgbm,regression,gbdt,15,7,0.160000,350,12,0.900000,0.620000,0.090000,0.150000,0,-1,-1,0,cuda,672,72,48,True,16,64,672,3,4,6,2,503.667408,0.002864,0.180000,3700,4,0.044000,30,6,1,0.064000,0.008000,0.064000,0.000000,0.070000,-2.000000,3.800000,0.200000,0.040000,0.200000,0.100000,0.250000,0.500000,0.750000,0.900000,96,1,3600.000000,0.150000,0.110000,4,0.700000,cuda,60,24,66,0.104358,0.085069,0.014090,-0.086103,-0.099741,,,,,0.056136,1.878100,1.455800,0.410133,2.653000,2.074500,1.302731,2.700900,2.046400,1.075756,2.277100,1.760800,,,,,,,-1.849328,5.674300,3.090400,-1.215848,5.136500,3.300100,-0.439283,5.214000,3.188200,-0.499030,5.060100,3.000100,,,,,,,0.047594,-0.005029,-0.104046,-0.204627,-0.219103,3.360896,1,27.640000,
45,2026-09-26 15:48:49.910287,ridge,1.300000,2000,rf,500,25,17,12,sqrt,0,-1,lgbm,regression,gbdt,15,7,0.160000,350,12,0.900000,0.620000,0.090000,0.150000,0,-1,-1,0,cuda,672,72,48,True,10,64,672,6,4,7,3,3119.607422,0.018069,0.160000,3300,8,0.032000,30,6,1,0.060000,0.020000,0.072000,0.000000,0.066000,-3.100000,2.900000,0.210000,0.000000,0.280000,0.100000,0.250000,0.500000,0.750000,0.900000,96,1,3600.000000,0.150000,0.110000,4,0.700000,cuda,60,24,66,0.085115,0.220360,0.236030,0.163019,0.084414,,,,,3.354713,6.743500,5.208500,0.410133,2.653000,2.074500,1.302731,2.700900,2.046400,1.075756,2.277100,1.760800,,,,,,,-0.960382,8.295400,5.977000,-1.215848,5.136500,3.300100,-0.439283,5.214000,3.188200,-0.499030,5.060100,3.000100,,,,,,,0.001475,0.046789,0.033900,-0.014044,-0.040441,15.730646,1,54.600000,
46,2026-09-26 15:49:15.691174,ridge,1.300000,2000,rf,500,25,17,12,sqrt,0,-1,lgbm,regression,gbdt,15,7,0.160000,350,12,0.900000,0.620000,0.090000,0.150000,0,-1,-1,0,cuda,672,72,48,True,12,64,608,3,8,5,6,997.707731,0.033955,0.040000,3100,5,0.036000,48,24,1,0.068000,0.000000,0.000000,0.000000,0.070000,-6.800000,3.300000,0.140000,0.032000,0.280000,0.100000,0.250000,0.500000,0.750000,0.900000,96,1,3600.000000,0.150000,0.110000,4,0.700000,cuda,60,24,66,0.247553,0.198421,0.059705,-0.088910,-0.152632,,,,,0.317398,2.037200,1.602100,0.410133,2.653000,2.074500,1.302731,2.700900,2.046400,1.075756,2.277100,1.760800,,,,,,,-1.705158,5.732600,3.100000,-1.215848,5.136500,3.300100,-0.439283,5.214000,3.188200,-0.499030,5.060100,3.000100,,,,,,,0.139234,0.075212,-0.064335,-0.208017,-0.268090,3.838927,1,47.540000,
46,2026-09-26 15:51:27.798643,ridge,1.300000,2000,rf,500,25,17,12,sqrt,0,-1,lgbm,regression,gbdt,15,7,0.160000,350,12,0.900000,0.620000,0.090000,0.150000,0,-1,-1,0,cuda,672,72,48,True,14,64,700,3,5,6,2,792.295223,0.037255,0.200000,3500,7,0.034000,30,6,1,0.076000,0.020000,0.056000,0.000000,0.072000,-2.800000,1.000000,0.190000,0.016000,0.200000,0.100000,0.250000,0.500000,0.750000,0.900000,96,1,3600.000000,0.150000,0.110000,4,0.700000,cuda,60,24,66,0.090729,0.084552,0.014534,-0.069594,-0.080942,,,,,0.133260,2.049800,1.607900,0.410133,2.653000,2.074500,1.302731,2.700900,2.046400,1.075756,2.277100,1.760800,,,,,,,-1.871770,5.747500,3.205500,-1.212997,5.140500,3.306300,-0.435050,5.215200,3.190400,-0.494798,5.061400,3.002500,,,,,,,0.030606,-0.009239,-0.096148,-0.192594,-0.214372,3.962812,1,26.070000,
47,2026-09-26 15:53:43.934835,ridge,1.300000,2000,rf,500,25,17,12,sqrt,0,-1,lgbm,regression,gbdt,15,7,0.160000,350,12,0.900000,0.620000,0.090000,0.150000,0,-1,-1,0,cuda,672,72,48,True,12,64,656,7,4,6,8,1086.837267,0.012519,0.160000,2900,6,0.028000,30,6,1,0.076000,0.028000,0.060000,0.000000,0.068000,-3.900000,-0.100000,0.210000,0.048000,0.160000,0.100000,0.250000,0.500000,0.750000,0.900000,96,1,3600.000000,0.150000,0.110000,4,0.700000,cuda,60,24,66,0.060997,0.039197,0.100443,0.104922,0.040129,,,,,1.344790,4.838300,3.691500,0.410133,2.653000,2.074500,1.302731,2.700900,2.046400,1.075756,2.277100,1.760800,,,,,,,-1.336981,6.538500,4.639500,-1.212997,5.140500,3.306300,-0.435050,5.215200,3.190400,-0.494798,5.061400,3.002500,,,,,,,-0.015735,-0.067166,-0.033080,-0.059417,-0.113195,11.715188,1,34.160000,
48,2026-09-26 16:12:12.029772,ridge,1.300000,2000,rf,500,25,17,12,sqrt,0,-1,lgbm,regression,gbdt,15,7,0.160000,350,12,0.900000,0.620000,0.090000,0.150000,0,-1,-1,0,cuda,672,72,48,True,20,64,700,6,5,5,2,786.809034,0.004366,0.100000,3800,9,0.038000,30,6,1,0.064000,0.012000,0.080000,0.000000,0.026000,-4.400000,5.000000,0.220000,0.032000,0.320000,0.100000,0.250000,0.500000,0.750000,0.900000,96,1,3600.000000,0.150000,0.110000,4,0.700000,cuda,60,24,66,0.070896,0.123481,0.073850,0.043130,0.022696,,,,,0.280241,3.377800,2.606200,0.410133,2.653000,2.074500,1.302731,2.700900,2.046400,1.075756,2.277100,1.760800,,,,,,,-2.320136,6.505200,4.216300,-1.212997,5.140500,3.306300,-0.435050,5.215200,3.190400,-0.494798,5.061400,3.002500,,,,,,,-0.001729,-0.013634,-0.088213,-0.131836,-0.134615,7.446824,9,23.320000,
49,2026-09-26 16:14:42.513595,ridge,1.300000,2000,rf,500,25,17,12,sqrt,0,-1,lgbm,regression,gbdt,15,7,0.160000,350,12,0.900000,0.620000,0.090000,0.150000,0,-1,-1,0,cuda,672,72,48,True,18,64,672,6,4,5,2,614.191226,0.005255,0.080000,3800,10,0.038000,30,6,1,0.056000,0.012000,0.080000,0.000000,0.026000,-4.500000,4.800000,0.210000,0.032000,0.360000,0.100000,0.250000,0.500000,0.750000,0.900000,96,1,3600.000000,0.150000,0.110000,4,0.700000,cuda,60,24,66,0.167184,0.139584,0.037248,-0.073509,-0.113777,,,,,0.179491,1.905200,1.505800,0.410133,2.653000,2.074500,1.302731,2.700900,2.046400,1.075756,2.277100,1.760800,,,,,,,-1.716021,5.535400,3.111200,-1.212997,5.140500,3.306300,-0.435050,5.215200,3.190400,-0.494798,5.061400,3.002500,,,,,,,0.098182,0.046342,-0.081694,-0.208985,-0.257808,3.290635,1,34.950000,
50,2026-09-26 16:36:29.214082,ridge,1.300000,2000,rf,500,25,17,12,sqrt,0,-1,lgbm,regression,gbdt,15,7,0.160000,350,12,0.900000,0.620000,0.090000,0.150000,0,-1,-1,0,cuda,672,72,48,True,20,32,700,6,5,5,3,472.792655,0.002214,0.100000,3400,9,0.040000,30,6,1,0.050000,0.008000,0.092000,0.000000,0.020000,-2.700000,4.400000,0.180000,0.024000,0.320000,0.100000,0.250000,0.500000,0.750000,0.900000,96,1,3600.000000,0.150000,0.110000,4,0.700000,cuda,60,24,66,0.131357,0.187304,0.185577,0.155669,0.084672,,,,,1.371791,3.193200,2.558700,0.410133,2.653000,2.074500,1.302731,2.700900,2.046400,1.075756,2.277100,1.760800,,,,,,,-1.240971,5.853600,3.794600,-1.212997,5.140500,3.306300,-0.435050,5.215200,3.190400,-0.494798,5.061400,3.002500,,,,,,,0.034928,0.039525,0.010542,-0.042691,-0.083914,5.866343,9,23.530000,
45,2026-09-26 16:39:54.503038,ridge,1.300000,2000,rf,500,25,17,12,sqrt,0,-1,lgbm,regression,gbdt,15,7,0.160000,350,12,0.900000,0.620000,0.090000,0.150000,0,-1,-1,0,cuda,672,72,48,True,20,32,640,7,8,6,2,405.453186,0.001825,0.100000,3500,9,0.042000,48,24,1,0.080000,0.000000,0.092000,0.000000,0.020000,-2.300000,4.400000,0.220000,0.008000,0.240000,0.100000,0.250000,0.500000,0.750000,0.900000,96,1,3600.000000,0.150000,0.110000,4,0.700000,cuda,60,24,66,0.045928,0.015273,-0.100966,-0.191065,-0.186915,,,,,-0.545745,2.049400,1.617000,0.407925,2.652400,2.074500,1.308448,2.706800,2.050800,1.077178,2.277300,1.761200,,,,,,,-2.636035,6.184300,3.441400,-1.210996,5.141100,3.307100,-0.441815,5.211200,3.184700,-0.495534,5.061000,3.001900,,,,,,,-0.011526,-0.086015,-0.225786,-0.320444,-0.318455,3.611469,1,34.080000,
46,2026-09-26 16:41:25.042620,ridge,1.300000,2000,rf,500,25,17,12,sqrt,0,-1,lgbm,regression,gbdt,15,7,0.160000,350,12,0.900000,0.620000,0.090000,0.150000,0,-1,-1,0,cuda,672,72,48,True,20,32,608,7,8,5,2,473.332975,0.005032,0.100000,2900,9,0.040000,48,24,1,0.048000,0.004000,0.096000,0.000000,0.030000,-2.600000,4.500000,0.180000,0.000000,0.240000,0.100000,0.250000,0.500000,0.750000,0.900000,96,1,3600.000000,0.150000,0.110000,4,0.700000,cuda,60,24,66,0.156093,0.134397,0.055359,-0.063387,-0.107499,,,,,0.236610,1.968700,1.534900,0.407925,2.652400,2.074500,1.308448,2.706800,2.050800,1.077178,2.277300,1.761200,,,,,,,-1.866851,5.931300,3.221300,-1.210996,5.141100,3.307100,-0.441815,5.211200,3.184700,-0.495534,5.061000,3.001900,,,,,,,0.073596,0.018999,-0.088176,-0.197735,-0.238511,3.849031,1,34.340000,
47,2026-09-26 16:42:26.232982,ridge,1.300000,2000,rf,500,25,17,12,sqrt,0,-1,lgbm,regression,gbdt,15,7,0.160000,350,12,0.900000,0.620000,0.090000,0.150000,0,-1,-1,0,cuda,672,72,48,True,20,32,640,6,8,6,4,450.704093,0.003999,0.120000,3700,9,0.044000,48,24,1,0.064000,0.008000,0.088000,0.000000,0.024000,-2.200000,5.000000,0.220000,0.008000,0.320000,0.100000,0.250000,0.500000,0.750000,0.900000,96,1,3600.000000,0.150000,0.110000,4,0.700000,cuda,60,24,66,0.088548,0.155597,0.168768,0.109971,0.061951,,,,,1.029104,2.795800,2.179500,0.407925,2.652400,2.074500,1.308448,2.706800,2.050800,1.077178,2.277300,1.761200,,,,,,,-1.296901,5.852800,3.607300,-1.210996,5.141100,3.307100,-0.441815,5.211200,3.184700,-0.495534,5.061000,3.001900,,,,,,,0.022411,0.031962,-0.001118,-0.068656,-0.099635,5.667208,1,28.660000,
48,2026-09-26 16:43:46.510752,ridge,1.300000,2000,rf,500,25,17,12,sqrt,0,-1,lgbm,regression,gbdt,15,7,0.160000,350,12,0.900000,0.620000,0.090000,0.150000,0,-1,-1,0,cuda,672,72,48,True,18,32,608,6,8,5,3,529.643867,0.007387,0.140000,3300,10,0.040000,48,24,1,0.050000,0.032000,0.088000,0.000000,0.020000,-2.700000,4.700000,0.130000,0.016000,0.160000,0.100000,0.250000,0.500000,0.750000,0.900000,96,1,3600.000000,0.150000,0.110000,4,0.700000,cuda,60,24,66,0.119592,0.074005,-0.020886,-0.122083,-0.143188,,,,,-0.155696,3.004200,2.343100,0.407925,2.652400,2.074500,1.308448,2.706800,2.050800,1.077178,2.277300,1.761200,,,,,,,-2.699966,6.833000,4.096900,-1.210996,5.141100,3.307100,-0.441815,5.211200,3.184700,-0.495534,5.061000,3.001900,,,,,,,0.031203,-0.034533,-0.158881,-0.265422,-0.290292,5.804802,1,37.530000,
49,2026-09-26 16:46:59.432522,ridge,1.300000,2000,rf,500,25,17,12,sqrt,0,-1,lgbm,regression,gbdt,15,7,0.160000,350,12,0.900000,0.620000,0.090000,0.150000,0,-1,-1,0,cuda,672,72,48,True,22,64,576,7,8,5,2,679.053533,0.001831,0.080000,3900,8,0.042000,48,24,1,0.058000,0.008000,0.092000,0.000000,0.028000,-4.000000,4.100000,0.170000,0.024000,0.280000,0.100000,0.250000,0.500000,0.750000,0.900000,96,1,3600.000000,0.150000,0.110000,4,0.700000,cuda,60,24,66,0.210733,0.183728,0.047174,-0.091260,-0.138727,,,,,0.272428,2.074600,1.627000,0.407925,2.652400,2.074500,1.308448,2.706800,2.050800,1.077178,2.277300,1.761200,,,,,,,-2.070331,6.114600,3.323900,-1.210996,5.141100,3.307100,-0.441815,5.211200,3.184700,-0.495534,5.061000,3.001900,,,,,,,0.086746,0.029429,-0.108367,-0.246647,-0.293868,3.788948,3,43.370000,
50,2026-09-26 16:47:55.613335,ridge,1.300000,2000,rf,500,25,17,12,sqrt,0,-1,lgbm,regression,gbdt,15,7,0.160000,350,12,0.900000,0.620000,0.090000,0.150000,0,-1,-1,0,cuda,672,72,48,True,16,64,644,6,7,6,3,404.668011,0.002790,0.120000,3500,8,0.046000,48,24,1,0.068000,0.016000,0.084000,0.000000,0.072000,-3.100000,4.200000,0.190000,0.008000,0.320000,0.100000,0.250000,0.500000,0.750000,0.900000,96,1,3600.000000,0.150000,0.110000,4,0.700000,cuda,60,24,66,0.124459,0.132332,0.041680,-0.050483,-0.086926,,,,,0.198079,1.859200,1.464300,0.407925,2.652400,2.074500,1.308448,2.706800,2.050800,1.077178,2.277300,1.761200,,,,,,,-1.898836,5.765800,3.111400,-1.210996,5.141100,3.307100,-0.441815,5.211200,3.184700,-0.495534,5.061000,3.001900,,,,,,,0.043496,0.009648,-0.095925,-0.195723,-0.228193,3.311635,1,29.230000,
51,2026-09-26 16:48:36.167844,ridge,1.300000,2000,rf,500,25,17,12,sqrt,0,-1,lgbm,regression,gbdt,15,7,0.160000,350,12,0.900000,0.620000,0.090000,0.150000,0,-1,-1,0,cuda,672,72,48,True,20,64,700,6,7,5,6,779.500797,0.008734,0.080000,2500,7,0.038000,36,18,1,0.044000,0.072000,0.088000,0.000000,0.068000,-8.000000,4.600000,0.140000,0.000000,0.360000,0.100000,0.250000,0.500000,0.750000,0.900000,96,1,3600.000000,0.150000,0.110000,4,0.700000,cuda,60,24,66,0.073543,0.095131,0.025053,-0.036104,-0.075312,,,,,-0.236315,3.551400,2.678300,0.407925,2.652400,2.074500,1.308448,2.706800,2.050800,1.077178,2.277300,1.761200,,,,,,,-2.531153,6.508600,4.356900,-1.210996,5.141100,3.307100,-0.441815,5.211200,3.184700,-0.495534,5.061000,3.001900,,,,,,,0.032432,0.001341,-0.114290,-0.194904,-0.231359,8.496833,1,32.820000,
52,2026-09-26 16:49:22.158248,ridge,1.300000,2000,rf,500,25,17,12,sqrt,0,-1,lgbm,regression,gbdt,15,7,0.160000,350,12,0.900000,0.620000,0.090000,0.150000,0,-1,-1,0,cuda,672,72,48,True,20,64,700,7,7,5,9,609.919412,0.007536,0.060000,3000,6,0.036000,48,24,1,0.054000,0.072000,0.096000,0.000000,0.022000,-7.200000,3.800000,0.160000,0.008000,0.400000,0.100000,0.250000,0.500000,0.750000,0.900000,96,1,3600.000000,0.150000,0.110000,4,0.700000,cuda,60,24,66,0.077783,0.150140,0.140084,0.052087,0.010224,,,,,1.005723,3.349900,2.666600,0.407925,2.652400,2.074500,1.308448,2.706800,2.050800,1.077178,2.277300,1.761200,,,,,,,-1.156747,5.949000,3.878800,-1.210996,5.141100,3.307100,-0.441815,5.211200,3.184700,-0.495534,5.061000,3.001900,,,,,,,0.020548,0.044554,0.006072,-0.084712,-0.131895,5.658895,1,26.820000,
53,2026-09-26 16:58:23.049995,ridge,1.300000,2000,rf,500,25,17,12,sqrt,0,-1,lgbm,regression,gbdt,15,7,0.160000,350,12,0.900000,0.620000,0.090000,0.150000,0,-1,-1,0,cuda,672,72,48,True,18,64,640,6,8,7,5,471.101419,0.001019,0.100000,3300,9,0.044000,48,24,1,0.046000,0.064000,0.080000,0.000000,0.070000,-7.100000,5.000000,0.170000,0.016000,0.280000,0.100000,0.250000,0.500000,0.750000,0.900000,96,1,3600.000000,0.150000,0.110000,4,0.700000,cuda,60,24,66,0.053486,0.034445,-0.041201,-0.101252,-0.088032,,,,,-0.217968,2.235900,1.744600,0.407925,2.652400,2.074500,1.308448,2.706800,2.050800,1.077178,2.277300,1.761200,,,,,,,-2.300278,5.980300,3.460100,-1.210996,5.141100,3.307100,-0.441815,5.211200,3.184700,-0.495534,5.061000,3.001900,,,,,,,0.009857,-0.039376,-0.146811,-0.233013,-0.243131,3.762021,9,23.600000,
54,2026-09-26 16:59:23.338950,ridge,1.300000,2000,rf,500,25,17,12,sqrt,0,-1,lgbm,regression,gbdt,15,7,0.160000,350,12,0.900000,0.620000,0.090000,0.150000,0,-1,-1,0,cuda,672,72,48,True,18,64,640,6,8,7,5,470.944796,0.001150,0.100000,3700,9,0.044000,48,24,1,0.060000,0.064000,0.076000,0.000000,0.070000,-3.500000,4.800000,0.200000,0.016000,0.280000,0.100000,0.250000,0.500000,0.750000,0.900000,96,1,3600.000000,0.150000,0.110000,4,0.700000,cuda,60,24,66,0.110744,0.094542,0.029809,-0.042077,-0.057763,,,,,0.217453,2.217800,1.746100,0.407925,2.652400,2.074500,1.308448,2.706800,2.050800,1.077178,2.277300,1.761200,,,,,,,-1.786216,5.811700,3.339200,-1.210996,5.141100,3.307100,-0.441815,5.211200,3.184700,-0.495534,5.061000,3.001900,,,,,,,0.052995,0.010840,-0.078006,-0.176501,-0.206623,3.787552,1,25.260000,
55,2026-09-26 17:00:19.086674,ridge,1.300000,2000,rf,500,25,17,12,sqrt,0,-1,lgbm,regression,gbdt,15,7,0.160000,350,12,0.900000,0.620000,0.090000,0.150000,0,-1,-1,0,cuda,672,72,48,True,22,32,608,6,8,7,4,556.157262,0.001761,0.140000,3200,9,0.046000,48,24,1,0.046000,0.060000,0.084000,0.000000,0.064000,-7.100000,4.300000,0.120000,0.024000,0.240000,0.100000,0.250000,0.500000,0.750000,0.900000,96,1,3600.000000,0.150000,0.110000,4,0.700000,cuda,60,24,66,0.020894,-0.029154,-0.065350,-0.104496,-0.094448,,,,,-0.766019,3.336300,2.581600,0.407925,2.652400,2.074500,1.308448,2.706800,2.050800,1.077178,2.277300,1.761200,,,,,,,-3.416265,7.133800,4.601300,-1.210996,5.141100,3.307100,-0.441815,5.211200,3.184700,-0.495534,5.061000,3.001900,,,,,,,-0.027172,-0.108628,-0.204478,-0.273990,-0.259969,7.382584,1,28.180000,
56,2026-09-26 17:09:29.547164,ridge,1.300000,2000,rf,500,25,17,12,sqrt,0,-1,lgbm,regression,gbdt,15,7,0.160000,350,12,0.900000,0.620000,0.090000,0.150000,0,-1,-1,0,cuda,672,72,48,True,18,64,576,7,8,7,5,498.251070,0.002784,0.120000,3400,10,0.040000,48,24,1,0.040000,0.052000,0.092000,0.000000,0.072000,-7.500000,5.000000,0.190000,0.016000,0.200000,0.100000,0.250000,0.500000,0.750000,0.900000,96,1,3600.000000,0.150000,0.110000,4,0.700000,cuda,60,24,66,0.063330,0.054539,0.005770,-0.045469,-0.053375,,,,,0.107122,2.554200,1.971700,0.407925,2.652400,2.074500,1.308448,2.706800,2.050800,1.077178,2.277300,1.761200,,,,,,,-2.109919,6.262000,3.655600,-1.210996,5.141100,3.307100,-0.441815,5.211200,3.184700,-0.495534,5.061000,3.001900,,,,,,,0.019058,-0.026077,-0.101810,-0.178103,-0.196007,4.884271,9,23.190000,
57,2026-09-26 17:17:44.475218,ridge,1.300000,2000,rf,500,25,17,12,sqrt,0,-1,lgbm,regression,gbdt,15,7,0.160000,350,12,0.900000,0.620000,0.090000,0.150000,0,-1,-1,0,cuda,672,72,48,True,18,64,544,6,8,7,5,454.767023,0.002634,0.120000,3400,10,0.048000,48,24,1,0.038000,0.052000,0.080000,0.000000,0.072000,-7.700000,4.900000,0.180000,0.032000,0.040000,0.100000,0.250000,0.500000,0.750000,0.900000,96,1,3600.000000,0.150000,0.110000,4,0.700000,cuda,60,24,66,0.070114,0.043109,-0.025753,-0.073268,-0.077672,,,,,-0.083961,2.074200,1.625200,0.407925,2.652400,2.074500,1.308448,2.706800,2.050800,1.077178,2.277300,1.761200,,,,,,,-2.105655,5.962100,3.364400,-1.210996,5.141100,3.307100,-0.441815,5.211200,3.184700,-0.495534,5.061000,3.001900,,,,,,,0.022895,-0.036246,-0.128446,-0.205744,-0.220221,3.626229,9,23.010000,
58,2026-09-26 17:18:39.353367,ridge,1.300000,2000,rf,500,25,17,12,sqrt,0,-1,lgbm,regression,gbdt,15,7,0.160000,350,12,0.900000,0.620000,0.090000,0.150000,0,-1,-1,0,cuda,672,72,48,True,18,64,544,6,8,7,5,455.925507,0.001019,0.120000,3400,10,0.046000,48,24,1,0.040000,0.048000,0.080000,0.000000,0.032000,-7.600000,5.000000,0.170000,0.024000,0.040000,0.100000,0.250000,0.500000,0.750000,0.900000,96,1,3600.000000,0.150000,0.110000,4,0.700000,cuda,60,24,66,0.154065,0.145163,0.067526,-0.027182,-0.071367,,,,,0.328659,2.027000,1.595100,0.407925,2.652400,2.074500,1.308448,2.706800,2.050800,1.077178,2.277300,1.761200,,,,,,,-1.785717,5.770300,3.226000,-1.210996,5.141100,3.307100,-0.441815,5.211200,3.184700,-0.495534,5.061000,3.001900,,,,,,,0.074415,0.032521,-0.075920,-0.186783,-0.236537,3.436938,1,30.810000,
59,2026-09-26 17:25:05.505401,ridge,1.300000,2000,rf,500,25,17,12,sqrt,0,-1,lgbm,regression,gbdt,15,7,0.160000,350,12,0.900000,0.620000,0.090000,0.150000,0,-1,-1,0,cuda,672,72,48,True,18,64,576,6,8,7,6,511.535643,0.002954,0.060000,2800,10,0.048000,48,24,1,0.038000,0.056000,0.072000,0.000000,0.072000,-7.400000,4.800000,0.190000,0.032000,0.120000,0.100000,0.250000,0.500000,0.750000,0.900000,96,1,3600.000000,0.150000,0.110000,4,0.700000,cuda,60,24,66,0.125602,0.115262,0.032131,-0.057009,-0.059053,,,,,0.235285,2.162000,1.701700,0.407925,2.652400,2.074500,1.308448,2.706800,2.050800,1.077178,2.277300,1.761200,,,,,,,-1.745315,5.855700,3.326600,-1.210996,5.141100,3.307100,-0.441815,5.211200,3.184700,-0.495534,5.061000,3.001900,,,,,,,0.071584,0.038966,-0.059864,-0.174974,-0.197571,3.880791,7,26.200000,
60,2026-09-26 17:26:10.398904,ridge,1.300000,2000,rf,500,25,17,12,sqrt,0,-1,lgbm,regression,gbdt,15,7,0.160000,350,12,0.900000,0.620000,0.090000,0.150000,0,-1,-1,0,cuda,672,72,48,True,16,64,576,7,8,7,6,401.703828,0.001458,0.080000,3100,10,0.042000,36,18,1,0.034000,0.036000,0.092000,0.000000,0.064000,-7.900000,4.600000,0.160000,0.032000,0.080000,0.100000,0.250000,0.500000,0.750000,0.900000,96,1,3600.000000,0.150000,0.110000,4,0.700000,cuda,60,24,66,0.056399,0.038206,-0.022619,-0.113861,-0.125860,,,,,-0.107215,1.931900,1.516800,0.407925,2.652400,2.074500,1.308448,2.706800,2.050800,1.077178,2.277300,1.761200,,,,,,,-2.180008,5.967000,3.257400,-1.210996,5.141100,3.307100,-0.441815,5.211200,3.184700,-0.495534,5.061000,3.001900,,,,,,,0.011459,-0.053979,-0.151021,-0.248286,-0.263321,3.313521,1,25.820000,
61,2026-09-26 17:26:52.597691,ridge,1.300000,2000,rf,500,25,17,12,sqrt,0,-1,lgbm,regression,gbdt,15,7,0.160000,350,12,0.900000,0.620000,0.090000,0.150000,0,-1,-1,0,cuda,672,72,48,True,20,64,544,6,8,7,5,565.215479,0.004360,0.100000,3400,9,0.044000,48,24,1,0.030000,0.068000,0.096000,0.000000,0.068000,-6.800000,5.000000,0.180000,0.016000,0.320000,0.100000,0.250000,0.500000,0.750000,0.900000,96,1,3600.000000,0.150000,0.110000,4,0.700000,cuda,60,24,66,0.088659,0.073342,-0.009199,-0.049377,-0.042610,,,,,-0.025855,2.856800,2.226900,0.407925,2.652400,2.074500,1.308448,2.706800,2.050800,1.077178,2.277300,1.761200,,,,,,,-2.331609,6.287800,3.851900,-1.210996,5.141100,3.307100,-0.441815,5.211200,3.184700,-0.495534,5.061000,3.001900,,,,,,,0.019841,-0.027157,-0.141074,-0.196357,-0.197608,5.374312,1,25.130000,
62,2026-09-26 17:35:30.311580,ridge,1.300000,2000,rf,500,25,17,12,sqrt,0,-1,lgbm,regression,gbdt,15,7,0.160000,350,12,0.900000,0.620000,0.090000,0.150000,0,-1,-1,0,cuda,672,72,48,True,20,64,544,6,8,6,4,455.120078,0.002366,0.120000,3900,10,0.038000,48,24,1,0.042000,0.052000,0.088000,0.000000,0.070000,-7.700000,4.600000,0.150000,0.040000,0.280000,0.100000,0.250000,0.500000,0.750000,0.900000,96,1,3600.000000,0.150000,0.110000,4,0.700000,cuda,60,24,66,0.077893,0.068918,0.009973,-0.061433,-0.070298,,,,,0.016163,1.905300,1.510100,0.407925,2.652400,2.074500,1.308448,2.706800,2.050800,1.077178,2.277300,1.761200,,,,,,,-2.006208,5.785600,3.183400,-1.210996,5.141100,3.307100,-0.441815,5.211200,3.184700,-0.495534,5.061000,3.001900,,,,,,,0.023789,-0.024065,-0.113433,-0.193004,-0.213664,3.258281,9,23.890000,
63,2026-09-26 17:42:57.734228,ridge,1.300000,2000,rf,500,25,17,12,sqrt,0,-1,lgbm,regression,gbdt,15,7,0.160000,350,12,0.900000,0.620000,0.090000,0.150000,0,-1,-1,0,cuda,672,72,48,True,18,96,608,6,8,7,5,502.758405,0.005927,0.100000,3600,9,0.048000,48,24,1,0.052000,0.048000,0.084000,0.000000,0.072000,-7.800000,3.900000,0.170000,0.000000,0.160000,0.100000,0.250000,0.500000,0.750000,0.900000,96,1,3600.000000,0.150000,0.110000,4,0.700000,cuda,60,24,66,0.102559,0.082596,-0.007245,-0.042482,-0.059901,,,,,-0.007503,2.165100,1.695100,0.407925,2.652400,2.074500,1.308448,2.706800,2.050800,1.077178,2.277300,1.761200,,,,,,,-2.127154,5.973400,3.457700,-1.210996,5.141100,3.307100,-0.441815,5.211200,3.184700,-0.495534,5.061000,3.001900,,,,,,,0.049531,-0.005253,-0.126620,-0.198853,-0.220258,3.644563,9,23.420000,
64,2026-09-26 17:43:45.260035,ridge,1.300000,2000,rf,500,25,17,12,sqrt,0,-1,lgbm,regression,gbdt,15,7,0.160000,350,12,0.900000,0.620000,0.090000,0.150000,0,-1,-1,0,cuda,672,72,48,True,18,96,608,6,8,7,5,722.835229,0.003546,0.100000,3600,9,0.046000,48,24,1,0.046000,0.044000,0.076000,0.000000,0.072000,-7.400000,3.900000,0.170000,0.000000,0.160000,0.100000,0.250000,0.500000,0.750000,0.900000,96,1,3600.000000,0.150000,0.110000,4,0.700000,cuda,60,24,66,0.066648,0.059479,-0.008277,-0.068623,-0.078557,,,,,0.141373,2.990500,2.321100,0.407925,2.652400,2.074500,1.308448,2.706800,2.050800,1.077178,2.277300,1.761200,,,,,,,-2.320299,6.505800,4.031200,-1.210996,5.141100,3.307100,-0.441815,5.211200,3.184700,-0.495534,5.061000,3.001900,,,,,,,0.005275,-0.027716,-0.121815,-0.207868,-0.233892,5.632428,1,26.430000,
65,2026-09-26 17:48:22.409330,ridge,1.300000,2000,rf,500,25,17,12,sqrt,0,-1,lgbm,regression,gbdt,15,7,0.160000,350,12,0.900000,0.620000,0.090000,0.150000,0,-1,-1,0,cuda,672,72,48,True,16,32,576,5,8,7,5,523.643747,0.006174,0.120000,3200,10,0.048000,48,24,1,0.050000,0.060000,0.080000,0.000000,0.066000,-7.800000,4.800000,0.180000,0.024000,0.040000,0.100000,0.250000,0.500000,0.750000,0.900000,96,1,3600.000000,0.150000,0.110000,4,0.700000,cuda,60,24,66,0.090834,0.123152,0.110736,0.053009,0.013210,,,,,0.591037,2.962500,2.297900,0.407925,2.652400,2.074500,1.308448,2.706800,2.050800,1.077178,2.277300,1.761200,,,,,,,-1.860804,6.299400,3.923500,-1.210996,5.141100,3.307100,-0.441815,5.211200,3.184700,-0.495534,5.061000,3.001900,,,,,,,0.019282,0.007264,-0.053233,-0.128707,-0.154210,6.387604,5,26.210000,
66,2026-09-26 17:49:15.228376,ridge,1.300000,2000,rf,500,25,17,12,sqrt,0,-1,lgbm,regression,gbdt,15,7,0.160000,350,12,0.900000,0.620000,0.090000,0.150000,0,-1,-1,0,cuda,672,72,48,True,16,128,640,7,8,7,5,492.153995,0.001393,0.100000,4000,8,0.048000,48,24,1,0.054000,0.052000,0.084000,0.000000,0.024000,-5.100000,4.400000,0.190000,0.016000,0.200000,0.100000,0.250000,0.500000,0.750000,0.900000,96,1,3600.000000,0.150000,0.110000,4,0.700000,cuda,60,24,66,0.146912,0.142287,0.064060,-0.018186,-0.047587,,,,,0.474227,2.789200,2.140600,0.407925,2.652400,2.074500,1.308448,2.706800,2.050800,1.077178,2.277300,1.761200,,,,,,,-2.167722,6.708700,3.974700,-1.210996,5.141100,3.307100,-0.441815,5.211200,3.184700,-0.495534,5.061000,3.001900,,,,,,,0.054075,0.020042,-0.082216,-0.186708,-0.216048,5.308146,1,32.340000,
67,2026-09-26 17:50:25.677990,ridge,1.300000,2000,rf,500,25,17,12,sqrt,0,-1,lgbm,regression,gbdt,15,7,0.160000,350,12,0.900000,0.620000,0.090000,0.150000,0,-1,-1,0,cuda,672,72,48,True,22,96,672,5,7,6,7,587.094450,0.014049,0.120000,3400,9,0.044000,36,18,1,0.040000,0.044000,0.072000,0.000000,0.068000,-8.000000,4.100000,0.150000,0.024000,0.080000,0.100000,0.250000,0.500000,0.750000,0.900000,96,1,3600.000000,0.150000,0.110000,4,0.700000,cuda,60,24,66,0.131317,0.114340,0.035081,-0.062834,-0.072732,,,,,0.186405,1.942300,1.549300,0.407925,2.652400,2.074500,1.308448,2.706800,2.050800,1.077178,2.277300,1.761200,,,,,,,-1.888687,5.741500,3.191100,-1.210996,5.141100,3.307100,-0.441815,5.211200,3.184700,-0.495534,5.061000,3.001900,,,,,,,0.052809,0.005215,-0.093689,-0.206564,-0.232141,3.452677,1,28.740000,
68,2026-09-26 17:51:19.311916,ridge,1.300000,2000,rf,500,25,17,12,sqrt,0,-1,lgbm,regression,gbdt,15,7,0.160000,350,12,0.900000,0.620000,0.090000,0.150000,0,-1,-1,0,cuda,672,72,48,True,18,64,576,6,8,7,4,434.420280,0.002370,0.080000,3600,9,0.040000,48,24,1,0.038000,0.068000,0.084000,0.000000,0.022000,-7.000000,5.000000,0.160000,0.000000,0.120000,0.100000,0.250000,0.500000,0.750000,0.900000,96,1,3600.000000,0.150000,0.110000,4,0.700000,cuda,60,24,66,0.116348,0.071461,-0.027560,-0.116847,-0.134377,,,,,-0.140020,2.163800,1.697200,0.407925,2.652400,2.074500,1.308448,2.706800,2.050800,1.077178,2.277300,1.761200,,,,,,,-2.382931,6.243400,3.531400,-1.210996,5.141100,3.307100,-0.441815,5.211200,3.184700,-0.495534,5.061000,3.001900,,,,,,,0.050685,-0.021569,-0.149680,-0.259090,-0.291857,4.051531,1,32.920000,
69,2026-09-26 17:53:11.051445,ridge,1.300000,2000,rf,500,25,17,12,sqrt,0,-1,lgbm,regression,gbdt,15,7,0.160000,350,12,0.900000,0.620000,0.090000,0.150000,0,-1,-1,0,cuda,672,72,48,True,18,96,520,6,5,7,6,704.696583,0.003564,0.100000,3800,10,0.042000,42,6,1,0.044000,0.076000,0.092000,0.000000,0.072000,-7.200000,3.600000,0.170000,0.008000,0.160000,0.100000,0.250000,0.500000,0.750000,0.900000,96,1,3600.000000,0.150000,0.110000,4,0.700000,cuda,60,24,66,0.085783,0.111169,0.069369,0.022665,-0.000468,,,,,0.770825,4.054700,3.190700,0.407925,2.652400,2.074500,1.308448,2.706800,2.050800,1.077178,2.277300,1.761200,,,,,,,-1.588466,6.579300,4.491000,-1.210996,5.141100,3.307100,-0.441815,5.211200,3.184700,-0.495534,5.061000,3.001900,,,,,,,0.013992,0.017509,-0.035576,-0.111831,-0.136850,8.592739,1,30.120000,
70,2026-09-26 17:54:10.298796,ridge,1.300000,2000,rf,500,25,17,12,sqrt,0,-1,lgbm,regression,gbdt,15,7,0.160000,350,12,0.900000,0.620000,0.090000,0.150000,0,-1,-1,0,cuda,672,72,48,True,20,64,700,5,7,6,4,624.709593,0.001547,0.140000,2700,9,0.046000,48,24,1,0.050000,0.036000,0.068000,0.000000,0.040000,-6.400000,4.500000,0.190000,0.040000,0.400000,0.100000,0.250000,0.500000,0.750000,0.900000,96,1,3600.000000,0.150000,0.110000,4,0.700000,cuda,60,24,66,0.058795,0.021393,-0.063544,-0.127687,-0.115389,,,,,-0.280638,2.232000,1.737100,0.407925,2.652400,2.074500,1.308448,2.706800,2.050800,1.077178,2.277300,1.761200,,,,,,,-2.505230,6.186900,3.553600,-1.210996,5.141100,3.307100,-0.441815,5.211200,3.184700,-0.495534,5.061000,3.001900,,,,,,,0.005200,-0.063068,-0.186299,-0.277231,-0.280755,3.850198,1,26.780000,
71,2026-09-26 18:03:07.161378,ridge,1.300000,2000,rf,500,25,17,12,sqrt,0,-1,lgbm,regression,gbdt,15,7,0.160000,350,12,0.900000,0.620000,0.090000,0.150000,0,-1,-1,0,cuda,672,72,48,True,22,96,608,6,8,7,5,434.149141,0.005963,0.100000,3300,10,0.038000,48,24,1,0.064000,0.076000,0.088000,0.000000,0.070000,-7.700000,4.700000,0.120000,0.016000,0.280000,0.100000,0.250000,0.500000,0.750000,0.900000,96,1,3600.000000,0.150000,0.110000,4,0.700000,cuda,60,24,66,0.095259,0.082633,0.000166,-0.051921,-0.054002,,,,,0.059800,2.185100,1.711200,0.407925,2.652400,2.074500,1.308448,2.706800,2.050800,1.077178,2.277300,1.761200,,,,,,,-1.954999,5.963600,3.364100,-1.210996,5.141100,3.307100,-0.441815,5.211200,3.184700,-0.495534,5.061000,3.001900,,,,,,,0.039174,0.001416,-0.097601,-0.177731,-0.191946,3.813927,9,23.130000,
72,2026-09-26 18:12:25.997196,ridge,1.300000,2000,rf,500,25,17,12,sqrt,0,-1,lgbm,regression,gbdt,15,7,0.160000,350,12,0.900000,0.620000,0.090000,0.150000,0,-1,-1,0,cuda,672,72,48,True,22,96,608,6,8,7,5,499.176079,0.002176,0.080000,3200,10,0.034000,48,24,1,0.072000,0.076000,0.088000,0.000000,0.066000,-7.700000,4.700000,0.110000,0.032000,0.280000,0.100000,0.250000,0.500000,0.750000,0.900000,96,1,3600.000000,0.150000,0.110000,4,0.700000,cuda,60,24,66,0.053560,0.039791,-0.038952,-0.073932,-0.066390,,,,,-0.183162,2.233300,1.739000,0.407925,2.652400,2.074500,1.308448,2.706800,2.050800,1.077178,2.277300,1.761200,,,,,,,-2.316057,6.158000,3.528200,-1.210996,5.141100,3.307100,-0.441815,5.211200,3.184700,-0.495534,5.061000,3.001900,,,,,,,0.013061,-0.038184,-0.144576,-0.209581,-0.222009,3.808521,9,21.990000,
73,2026-09-26 18:13:28.358394,ridge,1.300000,2000,rf,500,25,17,12,sqrt,0,-1,lgbm,regression,gbdt,15,7,0.160000,350,12,0.900000,0.620000,0.090000,0.150000,0,-1,-1,0,cuda,672,72,48,True,22,96,608,6,8,7,5,429.655850,0.006090,0.080000,3200,10,0.034000,48,24,1,0.070000,0.076000,0.088000,0.000000,0.066000,-7.700000,4.300000,0.110000,0.032000,0.320000,0.100000,0.250000,0.500000,0.750000,0.900000,96,1,3600.000000,0.150000,0.110000,4,0.700000,cuda,60,24,66,0.110891,0.105787,0.041939,-0.026297,-0.044859,,,,,0.232270,2.040300,1.610100,0.407925,2.652400,2.074500,1.308448,2.706800,2.050800,1.077178,2.277300,1.761200,,,,,,,-1.861596,5.846600,3.260100,-1.210996,5.141100,3.307100,-0.441815,5.211200,3.184700,-0.495534,5.061000,3.001900,,,,,,,0.045805,0.000782,-0.085494,-0.170355,-0.199657,3.592313,1,24.280000,
74,2026-09-26 18:14:11.663465,ridge,1.300000,2000,rf,500,25,17,12,sqrt,0,-1,lgbm,regression,gbdt,15,7,0.160000,350,12,0.900000,0.620000,0.090000,0.150000,0,-1,-1,0,cuda,672,72,48,True,22,96,544,7,8,7,5,541.534008,0.002136,0.080000,3600,10,0.036000,48,24,1,0.064000,0.084000,0.096000,0.000000,0.070000,-7.500000,4.700000,0.130000,0.040000,0.360000,0.100000,0.250000,0.500000,0.750000,0.900000,96,1,3600.000000,0.150000,0.110000,4,0.700000,cuda,60,24,66,0.049725,0.064161,0.122977,0.099648,0.030612,,,,,1.188390,4.504100,3.446400,0.407925,2.652400,2.074500,1.308448,2.706800,2.050800,1.077178,2.277300,1.761200,,,,,,,-1.508184,6.770000,4.779200,-1.210996,5.141100,3.307100,-0.441815,5.211200,3.184700,-0.495534,5.061000,3.001900,,,,,,,-0.013239,-0.048167,-0.028945,-0.075920,-0.129139,10.227801,1,31.140000,
75,2026-09-26 18:15:02.746609,ridge,1.300000,2000,rf,500,25,17,12,sqrt,0,-1,lgbm,regression,gbdt,15,7,0.160000,350,12,0.900000,0.620000,0.090000,0.150000,0,-1,-1,0,cuda,672,72,48,True,20,96,576,6,8,6,4,494.173007,0.003247,0.040000,3100,10,0.034000,48,24,1,0.072000,0.024000,0.092000,0.000000,0.072000,-7.900000,4.000000,0.120000,0.032000,0.240000,0.100000,0.250000,0.500000,0.750000,0.900000,96,1,3600.000000,0.150000,0.110000,4,0.700000,cuda,60,24,66,0.107647,0.092624,0.001088,-0.075665,-0.091793,,,,,-0.012335,1.967600,1.550700,0.407925,2.652400,2.074500,1.308448,2.706800,2.050800,1.077178,2.277300,1.761200,,,,,,,-1.950031,5.877500,3.216500,-1.210996,5.141100,3.307100,-0.441815,5.211200,3.184700,-0.495534,5.061000,3.001900,,,,,,,0.052436,0.005849,-0.104269,-0.193898,-0.218954,3.358333,1,27.270000,
76,2026-09-26 18:24:05.504453,ridge,1.300000,2000,rf,500,25,17,12,sqrt,0,-1,lgbm,regression,gbdt,15,7,0.160000,350,12,0.900000,0.620000,0.090000,0.150000,0,-1,-1,0,cuda,672,72,48,True,24,96,560,6,5,7,6,573.946252,0.010990,0.120000,3400,10,0.038000,48,24,1,0.062000,0.080000,0.084000,0.000000,0.064000,-7.400000,4.800000,0.110000,0.024000,0.280000,0.100000,0.250000,0.500000,0.750000,0.900000,96,1,3600.000000,0.150000,0.110000,4,0.700000,cuda,60,24,66,0.094853,0.061949,-0.005106,-0.062023,-0.051348,,,,,0.023193,2.503900,1.946100,0.407925,2.652400,2.074500,1.308448,2.706800,2.050800,1.077178,2.277300,1.761200,,,,,,,-2.194430,6.232300,3.663400,-1.210996,5.141100,3.307100,-0.441815,5.211200,3.184700,-0.495534,5.061000,3.001900,,,,,,,0.033102,-0.019148,-0.113731,-0.195686,-0.202153,4.759396,9,22.810000,
77,2026-09-26 18:27:08.805126,ridge,1.300000,2000,rf,500,25,17,12,sqrt,0,-1,lgbm,regression,gbdt,15,7,0.160000,350,12,0.900000,0.620000,0.090000,0.150000,0,-1,-1,0,cuda,672,72,48,True,24,96,608,6,8,7,6,580.026875,0.011253,0.120000,3800,10,0.032000,48,24,1,0.066000,0.080000,0.084000,0.000000,0.064000,-7.300000,4.800000,0.110000,0.008000,0.200000,0.100000,0.250000,0.500000,0.750000,0.900000,96,1,3600.000000,0.150000,0.110000,4,0.700000,cuda,60,24,66,0.160443,0.212375,0.201434,0.116718,0.028068,,,,,1.330443,3.098400,2.440100,0.407925,2.652400,2.074500,1.308448,2.706800,2.050800,1.077178,2.277300,1.761200,,,,,,,-1.272620,6.010100,3.747400,-1.210996,5.141100,3.307100,-0.441815,5.211200,3.184700,-0.495534,5.061000,3.001900,,,,,,,0.062569,0.051855,0.008195,-0.067278,-0.135695,6.052489,3,24.890000,
78,2026-09-26 18:33:54.708772,ridge,1.300000,2000,rf,500,25,17,12,sqrt,0,-1,lgbm,regression,gbdt,15,7,0.160000,350,12,0.900000,0.620000,0.090000,0.150000,0,-1,-1,0,cuda,672,72,48,True,24,96,544,7,8,7,6,657.146231,0.024264,0.140000,3000,10,0.038000,48,24,1,0.062000,0.088000,0.076000,0.000000,0.068000,-7.700000,4.600000,0.100000,0.032000,0.200000,0.100000,0.250000,0.500000,0.750000,0.900000,96,1,3600.000000,0.150000,0.110000,4,0.700000,cuda,60,24,66,0.110449,0.088974,0.039173,0.024877,0.002149,,,,,0.483345,3.582300,2.841600,0.407925,2.652400,2.074500,1.308448,2.706800,2.050800,1.077178,2.277300,1.761200,,,,,,,-2.161580,6.533800,4.267100,-1.210996,5.141100,3.307100,-0.441815,5.211200,3.184700,-0.495534,5.061000,3.001900,,,,,,,0.018164,-0.030472,-0.107436,-0.152846,-0.164156,6.355906,9,23.980000,
79,2026-09-26 18:34:42.571728,ridge,1.300000,2000,rf,500,25,17,12,sqrt,0,-1,lgbm,regression,gbdt,15,7,0.160000,350,12,0.900000,0.620000,0.090000,0.150000,0,-1,-1,0,cuda,672,72,48,True,22,96,560,6,5,7,7,815.555338,0.004632,0.120000,3500,10,0.036000,36,18,1,0.074000,0.076000,0.080000,0.000000,0.060000,-7.400000,4.200000,0.100000,0.016000,0.280000,0.100000,0.250000,0.500000,0.750000,0.900000,96,1,3600.000000,0.150000,0.110000,4,0.700000,cuda,60,24,66,0.059901,0.032638,-0.017789,-0.075222,-0.065284,,,,,-0.355037,3.679500,2.818900,0.407925,2.652400,2.074500,1.308448,2.706800,2.050800,1.077178,2.277300,1.761200,,,,,,,-2.605458,6.526600,4.434200,-1.210996,5.141100,3.307100,-0.441815,5.211200,3.184700,-0.495534,5.061000,3.001900,,,,,,,0.013619,-0.043213,-0.130830,-0.216063,-0.217725,8.729334,1,30.520000,
80,2026-09-26 18:35:14.336542,ridge,1.300000,2000,rf,500,25,17,12,sqrt,0,-1,lgbm,regression,gbdt,15,7,0.160000,350,12,0.900000,0.620000,0.090000,0.150000,0,-1,-1,0,cuda,672,72,48,True,24,96,512,5,8,7,6,880.003241,0.006016,0.080000,3900,10,0.034000,48,24,1,0.066000,0.060000,0.088000,0.000000,0.062000,-6.800000,4.900000,0.110000,0.024000,0.240000,0.100000,0.250000,0.500000,0.750000,0.900000,96,1,3600.000000,0.150000,0.110000,4,0.700000,cuda,60,24,66,0.193257,0.227307,0.153799,0.062963,0.026041,,,,,0.976942,2.871400,2.257500,0.407925,2.652400,2.074500,1.308448,2.706800,2.050800,1.077178,2.277300,1.761200,,,,,,,-1.291712,5.898700,3.768100,-1.210996,5.141100,3.307100,-0.441815,5.211200,3.184700,-0.495534,5.061000,3.001900,,,,,,,0.114834,0.103934,-0.002682,-0.103934,-0.141879,5.942864,1,39.310000,
81,2026-09-26 18:56:53.248863,ridge,1.300000,2000,rf,500,25,17,12,sqrt,0,-1,lgbm,regression,gbdt,15,7,0.160000,350,12,0.900000,0.620000,0.090000,0.150000,0,-1,-1,0,cuda,672,72,48,True,20,96,560,6,5,7,5,425.224054,0.002157,0.100000,3400,9,0.040000,42,6,1,0.060000,0.068000,0.096000,0.000000,0.066000,-7.600000,4.400000,0.140000,0.024000,0.320000,0.100000,0.250000,0.500000,0.750000,0.900000,96,1,3600.000000,0.150000,0.110000,4,0.700000,cuda,60,24,66,0.066169,0.012729,-0.070623,-0.150509,-0.135704,,,,,-0.354616,2.235800,1.742700,0.407925,2.652400,2.074500,1.308448,2.706800,2.050800,1.077178,2.277300,1.761200,,,,,,,-2.350375,6.183900,3.501100,-1.210996,5.141100,3.307100,-0.441815,5.211200,3.184700,-0.495534,5.061000,3.001900,,,,,,,0.020213,-0.047906,-0.155938,-0.252496,-0.253971,3.912177,9,23.420000,
82,2026-09-26 19:05:19.292292,ridge,1.300000,2000,rf,500,25,17,12,sqrt,0,-1,lgbm,regression,gbdt,15,7,0.160000,350,12,0.900000,0.620000,0.090000,0.150000,0,-1,-1,0,cuda,672,72,48,True,22,96,560,6,5,7,5,425.710837,0.002737,0.100000,3600,10,0.038000,48,24,1,0.058000,0.080000,0.096000,0.000000,0.066000,-7.500000,4.500000,0.140000,0.040000,0.320000,0.100000,0.250000,0.500000,0.750000,0.900000,96,1,3600.000000,0.150000,0.110000,4,0.700000,cuda,60,24,66,0.085378,0.076144,0.009199,-0.037505,-0.035641,,,,,0.094531,2.149700,1.683200,0.407925,2.652400,2.074500,1.308448,2.706800,2.050800,1.077178,2.277300,1.761200,,,,,,,-2.033447,5.902900,3.332400,-1.210996,5.141100,3.307100,-0.441815,5.211200,3.184700,-0.495534,5.061000,3.001900,,,,,,,0.028148,-0.020265,-0.111571,-0.174825,-0.191983,3.611886,9,22.540000,
83,2026-09-26 19:13:31.016925,ridge,1.300000,2000,rf,500,25,17,12,sqrt,0,-1,lgbm,regression,gbdt,15,7,0.160000,350,12,0.900000,0.620000,0.090000,0.150000,0,-1,-1,0,cuda,672,72,48,True,22,96,560,6,5,7,5,519.328873,0.004176,0.100000,3600,10,0.038000,48,24,1,0.068000,0.084000,0.088000,0.000000,0.068000,-7.800000,4.700000,0.120000,0.040000,0.280000,0.100000,0.250000,0.500000,0.750000,0.900000,96,1,3600.000000,0.150000,0.110000,4,0.700000,cuda,60,24,66,0.035789,0.008563,-0.050824,-0.084513,-0.073764,,,,,-0.268693,2.136800,1.664500,0.407925,2.652400,2.074500,1.308448,2.706800,2.050800,1.077178,2.277300,1.761200,,,,,,,-2.277242,5.966100,3.408200,-1.210996,5.141100,3.307100,-0.441815,5.211200,3.184700,-0.495534,5.061000,3.001900,,,,,,,0.003412,-0.058970,-0.161787,-0.223663,-0.226553,3.646552,9,21.210000,
84,2026-09-26 19:14:22.371899,ridge,1.300000,2000,rf,500,25,17,12,sqrt,0,-1,lgbm,regression,gbdt,15,7,0.160000,350,12,0.900000,0.620000,0.090000,0.150000,0,-1,-1,0,cuda,672,72,48,True,22,96,520,6,5,7,6,538.015330,0.004008,0.120000,3200,10,0.038000,48,24,1,0.070000,0.084000,0.088000,0.000000,0.062000,-7.500000,4.700000,0.120000,0.040000,0.360000,0.100000,0.250000,0.500000,0.750000,0.900000,96,1,3600.000000,0.150000,0.110000,4,0.700000,cuda,60,24,66,0.045707,-0.008692,-0.097537,-0.161643,-0.145659,,,,,-0.519084,2.431700,1.916600,0.407925,2.652400,2.074500,1.308448,2.706800,2.050800,1.077178,2.277300,1.761200,,,,,,,-2.678083,6.349000,3.796300,-1.210996,5.141100,3.307100,-0.441815,5.211200,3.184700,-0.495534,5.061000,3.001900,,,,,,,0.010416,-0.065191,-0.192594,-0.285799,-0.294986,4.264594,1,30.360000,
85,2026-09-26 19:33:39.258853,ridge,1.300000,2000,rf,500,25,17,12,sqrt,0,-1,lgbm,regression,gbdt,15,7,0.160000,350,12,0.900000,0.620000,0.090000,0.150000,0,-1,-1,0,cuda,672,72,48,True,22,96,560,6,5,6,5,403.747329,0.002855,0.100000,3300,10,0.038000,48,24,1,0.080000,0.088000,0.092000,0.000000,0.064000,-4.200000,4.500000,0.090000,0.048000,0.280000,0.100000,0.250000,0.500000,0.750000,0.900000,96,1,3600.000000,0.150000,0.110000,4,0.700000,cuda,60,24,66,0.127962,0.111243,0.024205,-0.030058,-0.037374,,,,,0.166779,2.076600,1.642500,0.407925,2.652400,2.074500,1.308448,2.706800,2.050800,1.077178,2.277300,1.761200,,,,,,,-1.905512,5.823100,3.275300,-1.210996,5.141100,3.307100,-0.441815,5.211200,3.184700,-0.495534,5.061000,3.001900,,,,,,,0.054224,0.005737,-0.098607,-0.175495,-0.192728,3.575146,1,25.380000,
86,2026-09-26 19:42:49.945790,ridge,1.300000,2000,rf,500,25,17,12,sqrt,0,-1,lgbm,regression,gbdt,15,7,0.160000,350,12,0.900000,0.620000,0.090000,0.150000,0,-1,-1,0,cuda,672,72,48,True,24,96,560,6,5,7,7,436.902685,0.015385,0.140000,3500,10,0.036000,48,24,1,0.068000,0.092000,0.096000,0.000000,0.068000,-8.000000,4.900000,0.120000,0.040000,0.320000,0.100000,0.250000,0.500000,0.750000,0.900000,96,1,3600.000000,0.150000,0.110000,4,0.700000,cuda,60,24,66,0.041024,0.018702,-0.067194,-0.097417,-0.077156,,,,,-0.341681,2.342900,1.829700,0.407925,2.652400,2.074500,1.308448,2.706800,2.050800,1.077178,2.277300,1.761200,,,,,,,-2.413301,6.116100,3.539200,-1.210996,5.141100,3.307100,-0.441815,5.211200,3.184700,-0.495534,5.061000,3.001900,,,,,,,-0.001393,-0.052935,-0.167374,-0.224966,-0.222195,3.896844,9,20.990000,
87,2026-09-26 19:43:20.780072,ridge,1.300000,2000,rf,500,25,17,12,sqrt,0,-1,lgbm,regression,gbdt,15,7,0.160000,350,12,0.900000,0.620000,0.090000,0.150000,0,-1,-1,0,cuda,672,72,48,True,24,96,528,6,6,7,8,9549.711386,0.013997,0.140000,3500,10,0.036000,48,24,1,0.068000,0.096000,0.096000,0.000000,0.066000,-8.000000,4.800000,0.130000,0.048000,0.280000,0.100000,0.250000,0.500000,0.750000,0.900000,96,1,3600.000000,0.150000,0.110000,4,0.700000,cuda,60,24,66,0.045080,0.055018,0.105132,0.095187,0.040678,,,,,1.540399,5.645700,4.354300,0.407925,2.652400,2.074500,1.308448,2.706800,2.050800,1.077178,2.277300,1.761200,,,,,,,-0.644045,7.012700,5.209500,-1.210996,5.141100,3.307100,-0.441815,5.211200,3.184700,-0.495534,5.061000,3.001900,,,,,,,0.007436,-0.023320,-0.011697,-0.025406,-0.061079,13.358210,1,36.750000,
88,2026-09-26 19:51:37.789323,ridge,1.300000,2000,rf,500,25,17,12,sqrt,0,-1,lgbm,regression,gbdt,15,7,0.160000,350,12,0.900000,0.620000,0.090000,0.150000,0,-1,-1,0,cuda,672,72,48,True,24,96,560,5,5,7,7,430.901809,0.016523,0.140000,3000,10,0.030000,48,24,1,0.076000,0.096000,0.092000,0.000000,0.070000,-7.800000,4.600000,0.120000,0.040000,0.320000,0.100000,0.250000,0.500000,0.750000,0.900000,96,1,3600.000000,0.150000,0.110000,4,0.700000,cuda,60,24,66,0.076713,0.057341,0.022103,-0.039238,-0.045928,,,,,0.108510,2.140700,1.671000,0.407925,2.652400,2.074500,1.308448,2.706800,2.050800,1.077178,2.277300,1.761200,,,,,,,-1.869978,5.921500,3.325900,-1.210996,5.141100,3.307100,-0.441815,5.211200,3.184700,-0.495534,5.061000,3.001900,,,,,,,0.035300,-0.013672,-0.081880,-0.165549,-0.193101,3.908260,9,21.390000,
89,2026-09-26 19:59:48.121835,ridge,1.300000,2000,rf,500,25,17,12,sqrt,0,-1,lgbm,regression,gbdt,15,7,0.160000,350,12,0.900000,0.620000,0.090000,0.150000,0,-1,-1,0,cuda,672,72,48,True,24,96,560,5,5,7,7,437.250619,0.016844,0.140000,3000,10,0.030000,48,24,1,0.076000,0.092000,0.096000,0.000000,0.068000,-7.800000,-0.300000,0.120000,0.040000,0.400000,0.100000,0.250000,0.500000,0.750000,0.900000,96,1,3600.000000,0.150000,0.110000,4,0.700000,cuda,60,24,66,0.075497,0.069139,-0.006176,-0.057230,-0.052048,,,,,-0.015191,2.005400,1.573500,0.407925,2.652400,2.074500,1.308448,2.706800,2.050800,1.077178,2.277300,1.761200,,,,,,,-2.086851,5.851500,3.263500,-1.210996,5.141100,3.307100,-0.441815,5.211200,3.184700,-0.495534,5.061000,3.001900,,,,,,,0.019729,-0.026747,-0.130159,-0.198368,-0.205580,3.372948,9,20.920000,
90,2026-09-26 20:07:49.768867,ridge,1.300000,2000,rf,500,25,17,12,sqrt,0,-1,lgbm,regression,gbdt,15,7,0.160000,350,12,0.900000,0.620000,0.090000,0.150000,0,-1,-1,0,cuda,672,72,48,True,24,96,560,5,5,7,8,437.921276,0.050465,0.140000,3000,10,0.028000,48,24,1,0.076000,0.096000,0.096000,0.000000,0.068000,-7.900000,-0.100000,0.120000,0.056000,0.440000,0.100000,0.250000,0.500000,0.750000,0.900000,96,1,3600.000000,0.150000,0.110000,4,0.700000,cuda,60,24,66,0.075239,0.064014,0.002857,-0.047460,-0.048619,,,,,0.064689,2.042000,1.602300,0.407925,2.652400,2.074500,1.308448,2.706800,2.050800,1.077178,2.277300,1.761200,,,,,,,-1.970832,5.885900,3.276100,-1.210996,5.141100,3.307100,-0.441815,5.211200,3.184700,-0.495534,5.061000,3.001900,,,,,,,0.029005,-0.019893,-0.106169,-0.179072,-0.194144,3.552886,9,21.110000,
91,2026-09-26 20:08:45.945336,ridge,1.300000,2000,rf,500,25,17,12,sqrt,0,-1,lgbm,regression,gbdt,15,7,0.160000,350,12,0.900000,0.620000,0.090000,0.150000,0,-1,-1,0,cuda,672,72,48,True,24,96,560,5,5,7,8,439.911265,0.054938,0.140000,3000,10,0.028000,48,24,1,0.078000,0.096000,0.096000,0.000000,0.068000,-7.900000,-0.500000,0.120000,0.056000,0.440000,0.100000,0.250000,0.500000,0.750000,0.900000,96,1,3600.000000,0.150000,0.110000,4,0.700000,cuda,60,24,66,0.099720,0.118285,0.047285,-0.028435,-0.038923,,,,,0.266081,2.061800,1.642000,0.407925,2.652400,2.074500,1.308448,2.706800,2.050800,1.077178,2.277300,1.761200,,,,,,,-1.878796,5.823800,3.234600,-1.210996,5.141100,3.307100,-0.441815,5.211200,3.184700,-0.495534,5.061000,3.001900,,,,,,,0.026397,-0.005923,-0.095254,-0.174974,-0.191425,3.526573,1,23.840000,
92,2026-09-26 20:16:34.710855,ridge,1.300000,2000,rf,500,25,17,12,sqrt,0,-1,lgbm,regression,gbdt,15,7,0.160000,350,12,0.900000,0.620000,0.090000,0.150000,0,-1,-1,0,cuda,672,72,48,True,24,96,560,5,5,7,7,401.922577,0.025791,0.140000,2800,10,0.030000,48,24,1,0.076000,0.100000,0.096000,0.000000,0.064000,-7.300000,-0.300000,0.130000,0.048000,0.440000,0.100000,0.250000,0.500000,0.750000,0.900000,96,1,3600.000000,0.150000,0.110000,4,0.700000,cuda,60,24,66,0.068565,0.053691,-0.007761,-0.031827,-0.040729,,,,,-0.018879,2.019600,1.578500,0.407925,2.652400,2.074500,1.308448,2.706800,2.050800,1.077178,2.277300,1.761200,,,,,,,-2.057523,5.849900,3.295100,-1.210996,5.141100,3.307100,-0.441815,5.211200,3.184700,-0.495534,5.061000,3.001900,,,,,,,0.023529,-0.029914,-0.126434,-0.184361,-0.200104,3.370104,9,20.580000,
93,2026-09-26 20:17:32.772680,ridge,1.300000,2000,rf,500,25,17,12,sqrt,0,-1,lgbm,regression,gbdt,15,7,0.160000,350,12,0.900000,0.620000,0.090000,0.150000,0,-1,-1,0,cuda,672,72,48,True,26,96,560,5,5,7,7,402.184052,0.025767,0.160000,2800,10,0.030000,48,24,1,0.074000,0.100000,0.096000,0.000000,0.064000,-7.300000,-0.400000,0.130000,0.048000,0.440000,0.100000,0.250000,0.500000,0.750000,0.900000,96,1,3600.000000,0.150000,0.110000,4,0.700000,cuda,60,24,66,0.075018,0.026371,-0.020407,-0.093104,-0.087811,,,,,-0.067901,2.127500,1.629200,0.407925,2.652400,2.074500,1.308448,2.706800,2.050800,1.077178,2.277300,1.761200,,,,,,,-2.275322,6.147000,3.483200,-1.210996,5.141100,3.307100,-0.441815,5.211200,3.184700,-0.495534,5.061000,3.001900,,,,,,,0.022001,-0.054724,-0.142825,-0.241544,-0.245068,4.000677,1,24.090000,
94,2026-09-26 20:25:05.151072,ridge,1.300000,2000,rf,500,25,17,12,sqrt,0,-1,lgbm,regression,gbdt,15,7,0.160000,350,12,0.900000,0.620000,0.090000,0.150000,0,-1,-1,0,cuda,672,72,48,True,24,96,500,5,5,7,7,567.452906,0.064658,0.160000,2900,10,0.026000,48,24,1,0.076000,0.092000,0.096000,0.000000,0.068000,-8.000000,-1.000000,0.110000,0.056000,0.480000,0.100000,0.250000,0.500000,0.750000,0.900000,96,1,3600.000000,0.150000,0.110000,4,0.700000,cuda,60,24,66,0.073063,0.076291,0.014914,-0.025486,-0.036047,,,,,0.135864,2.094900,1.642700,0.407925,2.652400,2.074500,1.308448,2.706800,2.050800,1.077178,2.277300,1.761200,,,,,,,-1.890749,5.826600,3.295600,-1.210996,5.141100,3.307100,-0.441815,5.211200,3.184700,-0.495534,5.061000,3.001900,,,,,,,0.028930,-0.004321,-0.095813,-0.168678,-0.192170,3.766354,9,21.480000,
95,2026-09-26 20:25:53.523042,ridge,1.300000,2000,rf,500,25,17,12,sqrt,0,-1,lgbm,regression,gbdt,15,7,0.160000,350,12,0.900000,0.620000,0.090000,0.150000,0,-1,-1,0,cuda,672,72,48,True,24,96,460,5,5,7,8,468.821784,0.051788,0.160000,2900,10,0.026000,48,24,1,0.076000,0.092000,0.096000,0.000000,0.068000,-8.000000,-0.800000,0.140000,0.056000,0.480000,0.100000,0.250000,0.500000,0.750000,0.900000,96,1,3600.000000,0.150000,0.110000,4,0.700000,cuda,60,24,66,0.088585,0.060364,-0.008130,-0.075480,-0.062408,,,,,-0.032638,2.030700,1.601500,0.407925,2.652400,2.074500,1.308448,2.706800,2.050800,1.077178,2.277300,1.761200,,,,,,,-2.094013,5.974000,3.327200,-1.210996,5.141100,3.307100,-0.441815,5.211200,3.184700,-0.495534,5.061000,3.001900,,,,,,,0.028967,-0.023357,-0.119021,-0.197400,-0.207070,3.541240,1,23.070000,
96,2026-09-26 20:26:25.755134,ridge,1.300000,2000,rf,500,25,17,12,sqrt,0,-1,lgbm,regression,gbdt,15,7,0.160000,350,12,0.900000,0.620000,0.090000,0.150000,0,-1,-1,0,cuda,672,72,48,True,26,96,500,5,5,7,7,5167.405304,0.107619,0.160000,2600,10,0.030000,48,24,1,0.072000,0.096000,0.092000,0.000000,0.060000,-7.800000,0.300000,0.120000,0.056000,0.520000,0.100000,0.250000,0.500000,0.750000,0.900000,96,1,3600.000000,0.150000,0.110000,4,0.700000,cuda,60,24,66,0.084493,0.123742,0.141080,0.102155,0.046061,,,,,1.745128,5.346200,4.103100,0.407925,2.652400,2.074500,1.308448,2.706800,2.050800,1.077178,2.277300,1.761200,,,,,,,-0.513995,6.385000,4.734200,-1.210996,5.141100,3.307100,-0.441815,5.211200,3.184700,-0.495534,5.061000,3.001900,,,,,,,0.014625,0.018328,0.007190,-0.026784,-0.064879,12.504656,1,39.850000,
97,2026-09-26 20:27:14.701563,ridge,1.300000,2000,rf,500,25,17,12,sqrt,0,-1,lgbm,regression,gbdt,15,7,0.160000,350,12,0.900000,0.620000,0.090000,0.150000,0,-1,-1,0,cuda,672,72,48,True,26,96,480,5,5,6,7,523.826164,0.041480,0.140000,2600,10,0.026000,48,24,1,0.078000,0.092000,0.092000,0.000000,0.066000,-7.900000,-0.100000,0.090000,0.040000,0.400000,0.100000,0.250000,0.500000,0.750000,0.900000,96,1,3600.000000,0.150000,0.110000,4,0.700000,cuda,60,24,66,0.049320,0.040971,-0.039542,-0.092993,-0.055108,,,,,-0.337628,2.316000,1.755500,0.407925,2.652400,2.074500,1.308448,2.706800,2.050800,1.077178,2.277300,1.761200,,,,,,,-2.496335,6.350600,3.635400,-1.210996,5.141100,3.307100,-0.441815,5.211200,3.184700,-0.495534,5.061000,3.001900,,,,,,,0.011571,-0.048428,-0.161861,-0.231858,-0.215825,4.942428,1,23.160000,
98,2026-09-26 20:34:33.722456,ridge,1.300000,2000,rf,500,25,17,12,sqrt,0,-1,lgbm,regression,gbdt,15,7,0.160000,350,12,0.900000,0.620000,0.090000,0.150000,0,-1,-1,0,cuda,672,72,48,True,24,96,500,5,5,7,8,428.337085,0.076381,0.140000,2800,10,0.024000,48,24,1,0.076000,0.100000,0.096000,0.000000,0.066000,-7.600000,-0.900000,0.130000,0.048000,0.440000,0.100000,0.250000,0.500000,0.750000,0.900000,96,1,3600.000000,0.150000,0.110000,4,0.700000,cuda,60,24,66,0.097839,0.080310,0.026011,-0.010222,-0.009833,,,,,0.249320,2.169300,1.686200,0.407925,2.652400,2.074500,1.308448,2.706800,2.050800,1.077178,2.277300,1.761200,,,,,,,-1.801742,5.814700,3.294900,-1.210996,5.141100,3.307100,-0.441815,5.211200,3.184700,-0.495534,5.061000,3.001900,,,,,,,0.041223,-0.001341,-0.072158,-0.142378,-0.164715,4.024261,9,21.820000,
99,2026-09-26 20:35:11.024543,ridge,1.300000,2000,rf,500,25,17,12,sqrt,0,-1,lgbm,regression,gbdt,15,7,0.160000,350,12,0.900000,0.620000,0.090000,0.150000,0,-1,-1,0,cuda,672,72,48,True,24,96,500,4,5,7,8,427.223442,0.076825,0.140000,2400,10,0.024000,48,24,1,0.078000,0.100000,0.096000,0.000000,0.062000,-7.600000,-1.000000,0.130000,0.048000,0.440000,0.100000,0.250000,0.500000,0.750000,0.900000,96,1,3600.000000,0.150000,0.110000,4,0.700000,cuda,60,24,66,0.149567,0.133180,0.045625,-0.035883,-0.053523,,,,,0.292727,2.137900,1.687700,0.407925,2.652400,2.074500,1.308448,2.706800,2.050800,1.077178,2.277300,1.761200,,,,,,,-1.869804,5.803500,3.274400,-1.210996,5.141100,3.307100,-0.441815,5.211200,3.184700,-0.495534,5.061000,3.001900,,,,,,,0.064022,0.022277,-0.081210,-0.176464,-0.206027,3.840490,1,29.800000,
100,2026-09-26 20:37:46.616444,ridge,1.300000,2000,rf,500,25,17,12,sqrt,0,-1,lgbm,regression,gbdt,15,7,0.160000,350,12,0.900000,0.620000,0.090000,0.150000,0,-1,-1,0,cuda,672,72,48,True,24,96,520,5,5,7,8,622.270016,0.119871,0.140000,2700,10,0.028000,48,24,1,0.074000,0.096000,0.092000,0.000000,0.066000,-8.000000,-0.600000,0.140000,0.048000,0.480000,0.100000,0.250000,0.500000,0.750000,0.900000,96,1,3600.000000,0.150000,0.110000,4,0.700000,cuda,60,24,66,0.030295,-0.013632,-0.085149,-0.121788,-0.127003,,,,,-0.584377,2.655600,2.027200,0.407925,2.652400,2.074500,1.308448,2.706800,2.050800,1.077178,2.277300,1.761200,,,,,,,-2.785633,6.351800,3.810900,-1.210996,5.141100,3.307100,-0.441815,5.211200,3.184700,-0.495534,5.061000,3.001900,,,,,,,-0.010706,-0.092386,-0.208464,-0.275592,-0.276807,4.767323,3,26.060000,
101,2026-09-26 20:38:34.896374,ridge,1.300000,2000,rf,500,25,17,12,sqrt,0,-1,lgbm,regression,gbdt,15,7,0.160000,350,12,0.900000,0.620000,0.090000,0.150000,0,-1,-1,0,cuda,672,72,48,True,24,96,460,5,5,7,9,483.570022,0.018539,0.160000,2800,10,0.024000,48,24,1,0.072000,0.088000,0.096000,0.000000,0.070000,-7.100000,-0.300000,0.110000,0.064000,0.440000,0.100000,0.250000,0.500000,0.750000,0.900000,96,1,3600.000000,0.150000,0.110000,4,0.700000,cuda,60,24,66,0.113472,0.116958,0.062806,-0.006093,-0.026166,,,,,0.350861,2.111200,1.678600,0.407925,2.652400,2.074500,1.308448,2.706800,2.050800,1.077178,2.277300,1.761200,,,,,,,-1.730822,5.751400,3.205200,-1.210996,5.141100,3.307100,-0.441815,5.211200,3.184700,-0.495534,5.061000,3.001900,,,,,,,0.041968,0.011958,-0.063888,-0.137498,-0.171532,3.722844,1,24.020000,
102,2026-09-26 20:40:56.780837,ridge,1.300000,2000,rf,500,25,17,12,sqrt,0,-1,lgbm,regression,gbdt,15,7,0.160000,350,12,0.900000,0.620000,0.090000,0.150000,0,-1,-1,0,cuda,672,72,48,True,24,96,480,5,5,7,7,427.175316,0.183463,0.140000,3000,10,0.028000,48,24,1,0.076000,0.092000,0.092000,0.000000,0.068000,-7.800000,-0.700000,0.130000,0.040000,0.400000,0.100000,0.250000,0.500000,0.750000,0.900000,96,1,3600.000000,0.150000,0.110000,4,0.700000,cuda,60,24,66,0.026277,-0.010646,-0.076264,-0.138195,-0.112255,,,,,-0.394806,2.053500,1.595300,0.407925,2.652400,2.074500,1.308448,2.706800,2.050800,1.077178,2.277300,1.761200,,,,,,,-2.537188,6.071100,3.448700,-1.210996,5.141100,3.307100,-0.441815,5.211200,3.184700,-0.495534,5.061000,3.001900,,,,,,,-0.012383,-0.087245,-0.196543,-0.287699,-0.271554,3.689323,3,23.710000,
104,2026-09-26 20:42:46.073153,ridge,1.300000,2000,rf,500,25,17,12,sqrt,0,-1,lgbm,regression,gbdt,15,7,0.160000,350,12,0.900000,0.620000,0.090000,0.150000,0,-1,-1,0,cuda,672,72,48,True,26,96,500,5,5,7,7,532.290391,0.027357,0.160000,3100,10,0.030000,48,24,1,0.080000,0.096000,0.088000,0.000000,0.066000,-7.500000,-1.000000,0.110000,0.056000,0.520000,0.100000,0.250000,0.500000,0.750000,0.900000,96,1,3600.000000,0.150000,0.110000,4,0.700000,cuda,60,24,66,0.113177,0.108331,0.050603,-0.005576,-0.016838,,,,,0.295475,2.103700,1.648900,0.407925,2.652400,2.074500,1.308448,2.706800,2.050800,1.077178,2.277300,1.761200,,,,,,,-1.712999,5.727100,3.206400,-1.210996,5.141100,3.307100,-0.441815,5.211200,3.184700,-0.495534,5.061000,3.001900,,,,,,,0.050574,0.018999,-0.065378,-0.145768,-0.167024,3.843531,1,23.230000,
105,2026-09-26 20:43:30.308234,ridge,1.300000,2000,rf,500,25,17,12,sqrt,0,-1,lgbm,regression,gbdt,15,7,0.160000,350,12,0.900000,0.620000,0.090000,0.150000,0,-1,-1,0,cuda,672,72,48,True,26,96,480,5,5,7,8,587.262521,0.046058,0.140000,2900,10,0.032000,48,24,1,0.078000,0.100000,0.096000,0.000000,0.062000,-7.200000,-0.900000,0.120000,0.048000,0.480000,0.100000,0.250000,0.500000,0.750000,0.900000,96,1,3600.000000,0.150000,0.110000,4,0.700000,cuda,60,24,66,0.084050,0.048861,-0.027486,-0.092846,-0.062777,,,,,-0.079232,2.413500,1.881600,0.407925,2.652400,2.074500,1.308448,2.706800,2.050800,1.077178,2.277300,1.761200,,,,,,,-2.301116,6.145400,3.608900,-1.210996,5.141100,3.307100,-0.441815,5.211200,3.184700,-0.495534,5.061000,3.001900,,,,,,,0.024460,-0.038742,-0.145843,-0.242661,-0.227895,5.023625,1,26.180000,
106,2026-09-26 20:52:27.913156,ridge,1.300000,2000,rf,500,25,17,12,sqrt,0,-1,lgbm,regression,gbdt,15,7,0.160000,350,12,0.900000,0.620000,0.090000,0.150000,0,-1,-1,0,cuda,672,72,48,True,26,96,528,5,6,7,7,463.351754,0.065018,0.160000,2800,10,0.022000,48,24,1,0.076000,0.096000,0.088000,0.000000,0.068000,-6.900000,0.200000,0.120000,0.064000,0.520000,0.100000,0.250000,0.500000,0.750000,0.900000,96,1,3600.000000,0.150000,0.110000,4,0.700000,cuda,60,24,66,0.086410,0.081711,0.003300,-0.058557,-0.071921,,,,,0.009771,2.177400,1.710600,0.407925,2.652400,2.074500,1.308448,2.706800,2.050800,1.077178,2.277300,1.761200,,,,,,,-2.187319,6.044000,3.377500,-1.210996,5.141100,3.307100,-0.441815,5.211200,3.184700,-0.495534,5.061000,3.001900,,,,,,,0.020735,-0.031329,-0.133624,-0.202094,-0.218805,4.016573,9,22.770000,
107,2026-09-26 20:58:40.052447,ridge,1.300000,2000,rf,500,25,17,12,sqrt,0,-1,lgbm,regression,gbdt,15,7,0.160000,350,12,0.900000,0.620000,0.090000,0.150000,0,-1,-1,0,cuda,672,72,48,True,24,96,500,5,5,7,9,489.914548,0.031037,0.160000,3000,10,0.024000,48,24,1,0.074000,0.092000,0.092000,0.000000,0.064000,-7.800000,-0.200000,0.130000,0.040000,0.440000,0.100000,0.250000,0.500000,0.750000,0.900000,96,1,3600.000000,0.150000,0.110000,4,0.700000,cuda,60,24,66,0.094927,0.071572,0.010563,-0.057562,-0.066390,,,,,0.100657,2.297500,1.803900,0.407925,2.652400,2.074500,1.308448,2.706800,2.050800,1.077178,2.277300,1.761200,,,,,,,-1.871695,5.807800,3.331500,-1.210996,5.141100,3.307100,-0.441815,5.211200,3.184700,-0.495534,5.061000,3.001900,,,,,,,0.039212,-0.002980,-0.090337,-0.178997,-0.203606,3.829354,7,22.990000,
108,2026-09-26 21:05:25.671303,ridge,1.300000,2000,rf,500,25,17,12,sqrt,0,-1,lgbm,regression,gbdt,15,7,0.160000,350,12,0.900000,0.620000,0.090000,0.150000,0,-1,-1,0,cuda,672,72,48,True,22,128,540,4,5,7,7,559.364326,0.016377,0.180000,3100,9,0.026000,48,24,1,0.070000,0.100000,0.096000,0.000000,0.066000,-7.600000,-0.800000,0.100000,0.048000,0.360000,0.100000,0.250000,0.500000,0.750000,0.900000,96,1,3600.000000,0.150000,0.110000,4,0.700000,cuda,60,24,66,0.056841,0.023200,-0.042713,-0.138231,-0.104107,,,,,-0.136921,2.358800,1.859400,0.407925,2.652400,2.074500,1.308448,2.706800,2.050800,1.077178,2.277300,1.761200,,,,,,,-2.332752,6.111500,3.530900,-1.210996,5.141100,3.307100,-0.441815,5.211200,3.184700,-0.495534,5.061000,3.001900,,,,,,,0.001512,-0.064782,-0.152362,-0.258270,-0.253785,4.213739,9,23.750000,
109,2026-09-26 21:06:23.084754,ridge,1.300000,2000,rf,500,25,17,12,sqrt,0,-1,lgbm,regression,gbdt,15,7,0.160000,350,12,0.900000,0.620000,0.090000,0.150000,0,-1,-1,0,cuda,672,72,48,True,24,96,560,5,5,7,8,446.817701,0.085886,0.140000,2900,10,0.030000,48,24,1,0.080000,0.088000,0.088000,0.000000,0.058000,-7.900000,-0.600000,0.150000,0.040000,0.480000,0.100000,0.250000,0.500000,0.750000,0.900000,96,1,3600.000000,0.150000,0.110000,4,0.700000,cuda,60,24,66,0.108532,0.072015,-0.005254,-0.108884,-0.085931,,,,,0.015881,2.286000,1.788900,0.407925,2.652400,2.074500,1.308448,2.706800,2.050800,1.077178,2.277300,1.761200,,,,,,,-2.245685,6.010300,3.470900,-1.210996,5.141100,3.307100,-0.441815,5.211200,3.184700,-0.495534,5.061000,3.001900,,,,,,,0.031203,-0.032819,-0.137535,-0.259723,-0.254865,4.169343,1,29.150000,
110,2026-09-26 21:14:50.320264,ridge,1.300000,2000,rf,500,25,17,12,sqrt,0,-1,lgbm,regression,gbdt,15,7,0.160000,350,12,0.900000,0.620000,0.090000,0.150000,0,-1,-1,0,cuda,672,72,48,True,22,96,592,5,4,7,7,664.651705,0.037297,0.140000,3100,10,0.032000,48,24,1,0.068000,0.084000,0.092000,0.000000,0.070000,-7.600000,0.000000,0.110000,0.056000,0.440000,0.100000,0.250000,0.500000,0.750000,0.900000,96,1,3600.000000,0.150000,0.110000,4,0.700000,cuda,60,24,66,0.081433,0.070097,0.009604,-0.035330,-0.039476,,,,,0.123809,2.334700,1.821700,0.407925,2.652400,2.074500,1.308448,2.706800,2.050800,1.077178,2.277300,1.761200,,,,,,,-1.948428,5.927800,3.417600,-1.210996,5.141100,3.307100,-0.441815,5.211200,3.184700,-0.495534,5.061000,3.001900,,,,,,,0.028297,-0.011995,-0.101065,-0.174452,-0.188817,4.077416,9,21.690000,
111,2026-09-26 21:22:53.873754,ridge,1.300000,2000,rf,500,25,17,12,sqrt,0,-1,lgbm,regression,gbdt,15,7,0.160000,350,12,0.900000,0.620000,0.090000,0.150000,0,-1,-1,0,cuda,672,72,48,True,22,96,592,5,4,7,7,511.926663,0.022264,0.140000,2700,10,0.032000,48,24,1,0.068000,0.092000,0.092000,0.000000,0.070000,-7.300000,-0.100000,0.110000,0.056000,0.440000,0.100000,0.250000,0.500000,0.750000,0.900000,96,1,3600.000000,0.150000,0.110000,4,0.700000,cuda,60,24,66,0.070814,0.047017,-0.012738,-0.067848,-0.055256,,,,,-0.050122,2.162700,1.696700,0.407925,2.652400,2.074500,1.308448,2.706800,2.050800,1.077178,2.277300,1.761200,,,,,,,-2.071985,5.881800,3.357400,-1.210996,5.141100,3.307100,-0.441815,5.211200,3.184700,-0.495534,5.061000,3.001900,,,,,,,0.024758,-0.032298,-0.120772,-0.203248,-0.208188,3.638177,9,22.350000,
112,2026-09-26 21:26:12.166200,ridge,1.300000,2000,rf,500,25,17,12,sqrt,0,-1,lgbm,regression,gbdt,15,7,0.160000,350,12,0.900000,0.620000,0.090000,0.150000,0,-1,-1,0,cuda,672,72,48,True,22,96,592,5,4,7,7,654.371968,0.021585,0.140000,2700,10,0.032000,48,24,1,0.072000,0.084000,0.092000,0.000000,0.070000,-7.600000,0.000000,0.120000,0.064000,0.440000,0.100000,0.250000,0.500000,0.750000,0.900000,96,1,3600.000000,0.150000,0.110000,4,0.700000,cuda,60,24,66,0.139870,0.149882,0.115087,0.033505,0.006500,,,,,0.746175,2.770300,2.148400,0.407925,2.652400,2.074500,1.308448,2.706800,2.050800,1.077178,2.277300,1.761200,,,,,,,-1.521158,6.044400,3.636800,-1.210996,5.141100,3.307100,-0.441815,5.211200,3.184700,-0.495534,5.061000,3.001900,,,,,,,0.069982,0.041872,-0.023916,-0.115892,-0.145716,5.579396,4,24.980000,
113,2026-09-26 21:27:05.887637,ridge,1.300000,2000,rf,500,25,17,12,sqrt,0,-1,lgbm,regression,gbdt,15,7,0.160000,350,12,0.900000,0.620000,0.090000,0.150000,0,-1,-1,0,cuda,672,72,48,True,22,96,592,5,4,7,7,400.233813,0.039843,0.140000,2500,10,0.032000,48,24,1,0.068000,0.084000,0.092000,0.000000,0.070000,-7.700000,0.600000,0.100000,0.056000,0.400000,0.100000,0.250000,0.500000,0.750000,0.900000,96,1,3600.000000,0.150000,0.110000,4,0.700000,cuda,60,24,66,0.102411,0.103095,0.054032,-0.019771,-0.027235,,,,,0.291881,2.040700,1.604000,0.407925,2.652400,2.074500,1.308448,2.706800,2.050800,1.077178,2.277300,1.761200,,,,,,,-1.743535,5.791000,3.222700,-1.210996,5.141100,3.307100,-0.441815,5.211200,3.184700,-0.495534,5.061000,3.001900,,,,,,,0.041745,0.011287,-0.064484,-0.151542,-0.178722,3.635094,1,22.620000,
114,2026-09-26 21:27:59.652373,ridge,1.300000,2000,rf,500,25,17,12,sqrt,0,-1,lgbm,regression,gbdt,15,7,0.160000,350,12,0.900000,0.620000,0.090000,0.150000,0,-1,-1,0,cuda,672,72,48,True,22,96,592,5,4,7,8,501.106140,0.068473,0.140000,3200,10,0.028000,48,24,1,0.070000,0.092000,0.096000,0.000000,0.068000,-7.400000,0.300000,0.140000,0.048000,0.480000,0.100000,0.250000,0.500000,0.750000,0.900000,96,1,3600.000000,0.150000,0.110000,4,0.700000,cuda,60,24,66,0.098946,0.082596,0.007724,-0.067000,-0.061081,,,,,0.121435,2.388300,1.878000,0.407925,2.652400,2.074500,1.308448,2.706800,2.050800,1.077178,2.277300,1.761200,,,,,,,-1.908751,5.903800,3.463600,-1.210996,5.141100,3.307100,-0.441815,5.211200,3.184700,-0.495534,5.061000,3.001900,,,,,,,0.045731,0.002161,-0.096223,-0.190024,-0.207219,4.113802,1,25.530000,
115,2026-09-26 21:36:58.028894,ridge,1.300000,2000,rf,500,25,17,12,sqrt,0,-1,lgbm,regression,gbdt,15,7,0.160000,350,12,0.900000,0.620000,0.090000,0.150000,0,-1,-1,0,cuda,672,72,48,True,24,96,624,5,4,7,7,458.339388,0.015927,0.140000,2600,10,0.034000,48,24,1,0.074000,0.088000,0.092000,0.000000,0.070000,-8.000000,0.500000,0.110000,0.040000,0.440000,0.100000,0.250000,0.500000,0.750000,0.900000,96,1,3600.000000,0.150000,0.110000,4,0.700000,cuda,60,24,66,0.058943,0.036030,-0.005106,-0.093141,-0.072990,,,,,-0.024265,2.080800,1.622000,0.407925,2.652400,2.074500,1.308448,2.706800,2.050800,1.077178,2.277300,1.761200,,,,,,,-2.019974,5.887300,3.320800,-1.210996,5.141100,3.307100,-0.441815,5.211200,3.184700,-0.495534,5.061000,3.001900,,,,,,,0.022113,-0.038072,-0.118984,-0.230443,-0.223238,3.602594,9,20.400000,
115,2026-09-26 21:54:41.159208,ridge,1.300000,2000,rf,500,25,17,12,sqrt,0,-1,lgbm,regression,gbdt,15,7,0.160000,350,12,0.900000,0.620000,0.090000,0.150000,0,-1,-1,0,cuda,672,72,48,True,24,96,592,5,4,7,7,327.578415,0.032331,0.140000,2600,11,0.034000,48,24,1,0.074000,0.088000,0.156000,0.000000,0.076000,-8.000000,-0.300000,0.110000,0.056000,0.440000,0.100000,0.250000,0.500000,0.750000,0.900000,96,1,3600.000000,0.150000,0.110000,4,0.700000,cuda,60,24,66,0.120182,0.131226,0.057645,0.019015,0.004472,,,,,0.277237,2.009900,1.577400,0.407925,2.652400,2.074500,1.308448,2.706800,2.050800,1.077178,2.277300,1.761200,,,,,,,-1.922023,5.936400,3.283900,-1.210996,5.141100,3.307100,-0.441815,5.211200,3.184700,-0.495534,5.061000,3.001900,,,,,,,0.045098,0.009201,-0.082812,-0.143608,-0.168887,3.575292,9,20.180000,
116,2026-09-26 22:03:53.280766,ridge,1.300000,2000,rf,500,25,17,12,sqrt,0,-1,lgbm,regression,gbdt,15,7,0.160000,350,12,0.900000,0.620000,0.090000,0.150000,0,-1,-1,0,cuda,672,72,48,True,24,96,624,5,4,7,7,290.679709,0.028899,0.160000,2400,11,0.034000,48,24,1,0.076000,0.088000,0.144000,0.000000,0.076000,-8.000000,0.500000,0.110000,0.056000,0.400000,0.100000,0.250000,0.500000,0.750000,0.900000,96,1,3600.000000,0.150000,0.110000,4,0.700000,cuda,60,24,66,0.088585,0.088974,0.020702,-0.015605,-0.023364,,,,,0.141747,2.121700,1.666900,0.407925,2.652400,2.074500,1.308448,2.706800,2.050800,1.077178,2.277300,1.761200,,,,,,,-1.935554,5.903000,3.322700,-1.210996,5.141100,3.307100,-0.441815,5.211200,3.184700,-0.495534,5.061000,3.001900,,,,,,,0.030681,0.000522,-0.089629,-0.154187,-0.177716,4.124854,9,20.370000,
117,2026-09-26 22:13:06.414583,ridge,1.300000,2000,rf,500,25,17,12,sqrt,0,-1,lgbm,regression,gbdt,15,7,0.160000,350,12,0.900000,0.620000,0.090000,0.150000,0,-1,-1,0,cuda,672,72,48,True,24,96,624,5,4,7,7,321.883603,0.033118,0.160000,2200,11,0.034000,48,24,1,0.076000,0.088000,0.180000,0.000000,0.076000,-8.000000,0.600000,0.110000,0.056000,0.400000,0.100000,0.250000,0.500000,0.750000,0.900000,96,1,3600.000000,0.150000,0.110000,4,0.700000,cuda,60,24,66,0.062445,0.071683,0.015061,-0.046096,-0.036342,,,,,0.066260,1.964900,1.550200,0.407925,2.652400,2.074500,1.308448,2.706800,2.050800,1.077178,2.277300,1.761200,,,,,,,-2.025274,5.842600,3.228600,-1.210996,5.141100,3.307100,-0.441815,5.211200,3.184700,-0.495534,5.061000,3.001900,,,,,,,0.007622,-0.027865,-0.115110,-0.185256,-0.190270,3.408750,9,18.580000,
118,2026-09-26 22:23:07.283524,ridge,1.300000,2000,rf,500,25,17,12,sqrt,0,-1,lgbm,regression,gbdt,15,7,0.160000,350,12,0.900000,0.620000,0.090000,0.150000,0,-1,-1,0,cuda,672,72,48,True,24,96,656,5,4,7,7,327.196674,0.029610,0.160000,2200,11,0.034000,48,24,1,0.074000,0.088000,0.148000,0.000000,0.076000,-8.000000,0.500000,0.100000,0.056000,0.400000,0.100000,0.250000,0.500000,0.750000,0.900000,96,1,3600.000000,0.150000,0.110000,4,0.700000,cuda,60,24,66,0.084198,0.103980,0.061627,-0.006830,-0.013004,,,,,0.326343,2.025700,1.595300,0.407925,2.652400,2.074500,1.308448,2.706800,2.050800,1.077178,2.277300,1.761200,,,,,,,-1.758632,5.768600,3.176900,-1.210996,5.141100,3.307100,-0.441815,5.211200,3.184700,-0.495534,5.061000,3.001900,,,,,,,0.020921,0.000820,-0.060684,-0.143496,-0.164491,3.797104,9,20.420000,
119,2026-09-26 22:32:56.354063,ridge,1.300000,2000,rf,500,25,17,12,sqrt,0,-1,lgbm,regression,gbdt,15,7,0.160000,350,12,0.900000,0.620000,0.090000,0.150000,0,-1,-1,0,cuda,672,72,48,True,24,96,656,5,4,7,7,297.775200,0.016983,0.160000,2200,11,0.034000,48,24,1,0.078000,0.088000,0.192000,0.000000,0.078000,-8.000000,0.600000,0.100000,0.064000,0.400000,0.100000,0.250000,0.500000,0.750000,0.900000,96,1,3600.000000,0.150000,0.110000,4,0.700000,cuda,60,24,66,0.020967,0.024011,-0.059451,-0.121345,-0.071294,,,,,-0.302698,1.950600,1.526000,0.407925,2.652400,2.074500,1.308448,2.706800,2.050800,1.077178,2.277300,1.761200,,,,,,,-2.466454,6.105900,3.416100,-1.210996,5.141100,3.307100,-0.441815,5.211200,3.184700,-0.495534,5.061000,3.001900,,,,,,,-0.017486,-0.066644,-0.184548,-0.269446,-0.247303,3.612552,9,19.660000,
120,2026-09-26 22:41:36.212511,ridge,1.300000,2000,rf,500,25,17,12,sqrt,0,-1,lgbm,regression,gbdt,15,7,0.160000,350,12,0.900000,0.620000,0.090000,0.150000,0,-1,-1,0,cuda,672,72,48,True,24,96,624,5,4,6,7,305.680858,0.015827,0.160000,2200,11,0.034000,48,24,1,0.078000,0.088000,0.172000,0.000000,0.078000,-7.900000,0.600000,0.090000,0.064000,0.400000,0.100000,0.250000,0.500000,0.750000,0.900000,96,1,3600.000000,0.150000,0.110000,4,0.700000,cuda,60,24,66,0.092014,0.088753,0.041496,-0.029394,-0.017981,,,,,0.260693,2.038500,1.605300,0.407925,2.652400,2.074500,1.308448,2.706800,2.050800,1.077178,2.277300,1.761200,,,,,,,-1.786819,5.783000,3.205900,-1.210996,5.141100,3.307100,-0.441815,5.211200,3.184700,-0.495534,5.061000,3.001900,,,,,,,0.030532,0.002496,-0.072381,-0.156124,-0.170638,3.815573,9,18.400000,
123,2026-09-26 22:52:39.880014,ridge,1.300000,2000,rf,500,25,17,12,sqrt,0,-1,lgbm,regression,gbdt,15,7,0.160000,350,12,0.900000,0.620000,0.090000,0.150000,0,-1,-1,0,cuda,672,72,48,True,24,96,624,5,4,6,7,321.424387,0.026311,0.180000,2100,11,0.034000,48,24,1,0.078000,0.088000,0.152000,0.000000,0.078000,-8.000000,0.700000,0.080000,0.064000,0.400000,0.100000,0.250000,0.500000,0.750000,0.900000,96,1,3600.000000,0.150000,0.110000,4,0.700000,cuda,60,24,66,0.049135,0.029246,-0.017052,-0.067738,-0.051237,,,,,-0.052319,2.042400,1.608700,0.407925,2.652400,2.074500,1.308448,2.706800,2.050800,1.077178,2.277300,1.761200,,,,,,,-2.138905,5.886000,3.261800,-1.210996,5.141100,3.307100,-0.441815,5.211200,3.184700,-0.495534,5.061000,3.001900,,,,,,,-0.004671,-0.056214,-0.132767,-0.191700,-0.199471,3.676667,9,19.320000,
122,2026-09-26 22:59:31.910733,ridge,1.300000,2000,rf,500,25,17,12,sqrt,0,-1,lgbm,regression,gbdt,15,7,0.160000,350,12,0.900000,0.620000,0.090000,0.150000,0,-1,-1,0,cuda,672,72,48,True,24,96,624,5,4,6,7,323.301394,0.030061,0.180000,2100,11,0.034000,48,24,1,0.078000,0.088000,0.164000,0.000000,0.078000,-8.000000,0.600000,0.080000,0.064000,0.400000,0.100000,0.250000,0.500000,0.750000,0.900000,96,1,3600.000000,0.150000,0.110000,4,0.700000,cuda,60,24,66,0.105103,0.103648,0.063249,-0.010701,-0.001095,,,,,0.327665,1.989200,1.576000,0.407925,2.652400,2.074500,1.308448,2.706800,2.050800,1.077178,2.277300,1.761200,,,,,,,-1.753243,5.735800,3.197900,-1.210996,5.141100,3.307100,-0.441815,5.211200,3.184700,-0.495534,5.061000,3.001900,,,,,,,0.037610,0.002459,-0.062956,-0.149084,-0.161809,3.489010,1,21.460000,
123,2026-09-26 23:08:21.931529,ridge,1.300000,2000,rf,500,25,17,12,sqrt,0,-1,lgbm,regression,gbdt,15,7,0.160000,350,12,0.900000,0.620000,0.090000,0.150000,0,-1,-1,0,cuda,672,72,48,True,24,96,624,5,4,6,7,187.810267,0.019728,0.160000,2200,11,0.036000,48,24,1,0.074000,0.088000,0.108000,0.000000,0.078000,-7.900000,0.800000,0.100000,0.072000,0.400000,0.100000,0.250000,0.500000,0.750000,0.900000,96,1,3600.000000,0.150000,0.110000,4,0.700000,cuda,60,24,66,0.063072,0.018038,-0.008978,-0.080458,-0.070409,,,,,-0.053212,2.096800,1.663000,0.407925,2.652400,2.074500,1.308448,2.706800,2.050800,1.077178,2.277300,1.761200,,,,,,,-2.164259,5.974200,3.320700,-1.210996,5.141100,3.307100,-0.441815,5.211200,3.184700,-0.495534,5.061000,3.001900,,,,,,,0.002220,-0.066495,-0.133810,-0.214983,-0.204016,3.596240,9,19.300000,
124,2026-09-26 23:09:20.720890,ridge,1.300000,2000,rf,500,25,17,12,sqrt,0,-1,lgbm,regression,gbdt,15,7,0.160000,350,12,0.900000,0.620000,0.090000,0.150000,0,-1,-1,0,cuda,672,72,48,True,24,96,624,5,4,6,7,183.502416,0.015081,0.180000,2200,11,0.036000,48,24,1,0.074000,0.088000,0.156000,0.000000,0.078000,-7.900000,0.800000,0.080000,0.072000,0.400000,0.100000,0.250000,0.500000,0.750000,0.900000,96,1,3600.000000,0.150000,0.110000,4,0.700000,cuda,60,24,66,0.062630,0.050409,-0.001788,-0.085545,-0.080290,,,,,-0.009144,2.100200,1.650000,0.407925,2.652400,2.074500,1.308448,2.706800,2.050800,1.077178,2.277300,1.761200,,,,,,,-2.212684,6.091200,3.325900,-1.210996,5.141100,3.307100,-0.441815,5.211200,3.184700,-0.495534,5.061000,3.001900,,,,,,,-0.003330,-0.061205,-0.131836,-0.202094,-0.210572,3.851521,1,23.110000,
125,2026-09-26 23:10:23.293151,ridge,1.300000,2000,rf,500,25,17,12,sqrt,0,-1,lgbm,regression,gbdt,15,7,0.160000,350,12,0.900000,0.620000,0.090000,0.150000,0,-1,-1,0,cuda,672,72,48,True,24,96,656,5,4,6,7,334.846910,0.019880,0.160000,2200,12,0.034000,48,24,1,0.080000,0.088000,0.108000,0.000000,0.082000,-8.000000,1.200000,0.090000,0.064000,0.400000,0.100000,0.250000,0.500000,0.750000,0.900000,96,1,3600.000000,0.150000,0.110000,4,0.700000,cuda,60,24,66,0.095296,0.121603,0.081167,0.009614,0.002444,,,,,0.435349,2.072000,1.641200,0.407925,2.652400,2.074500,1.308448,2.706800,2.050800,1.077178,2.277300,1.761200,,,,,,,-1.545465,5.695400,3.185800,-1.210996,5.141100,3.307100,-0.441815,5.211200,3.184700,-0.495534,5.061000,3.001900,,,,,,,0.041037,0.030845,-0.032521,-0.114923,-0.141655,3.753396,1,21.990000,
126,2026-09-26 23:11:19.312602,ridge,1.300000,2000,rf,500,25,17,12,sqrt,0,-1,lgbm,regression,gbdt,15,7,0.160000,350,12,0.900000,0.620000,0.090000,0.150000,0,-1,-1,0,cuda,672,72,48,True,24,128,624,5,4,6,7,261.070693,0.012405,0.160000,1900,11,0.036000,48,24,1,0.078000,0.080000,0.192000,0.000000,0.076000,-7.900000,0.800000,0.100000,0.072000,0.360000,0.100000,0.250000,0.500000,0.750000,0.900000,96,1,3600.000000,0.150000,0.110000,4,0.700000,cuda,60,24,66,0.113914,0.114008,0.076301,0.006406,-0.012819,,,,,0.406173,2.061800,1.647600,0.407925,2.652400,2.074500,1.308448,2.706800,2.050800,1.077178,2.277300,1.761200,,,,,,,-1.548484,5.666000,3.169800,-1.210996,5.141100,3.307100,-0.441815,5.211200,3.184700,-0.495534,5.061000,3.001900,,,,,,,0.050611,0.029280,-0.028088,-0.112800,-0.154917,3.667500,1,23.180000,
127,2026-09-26 23:12:17.043421,ridge,1.300000,2000,rf,500,25,17,12,sqrt,0,-1,lgbm,regression,gbdt,15,7,0.160000,350,12,0.900000,0.620000,0.090000,0.150000,0,-1,-1,0,cuda,672,72,48,True,26,96,656,5,4,6,7,253.902685,0.009125,0.180000,2400,11,0.034000,48,24,1,0.074000,0.088000,0.112000,0.000000,0.090000,-8.000000,0.400000,0.100000,0.064000,0.400000,0.100000,0.250000,0.500000,0.750000,0.900000,96,1,3600.000000,0.150000,0.110000,4,0.700000,cuda,60,24,66,0.106651,0.149182,0.075526,0.006480,0.004583,,,,,0.364571,2.013800,1.611600,0.407925,2.652400,2.074500,1.308448,2.706800,2.050800,1.077178,2.277300,1.761200,,,,,,,-1.587100,5.661100,3.136900,-1.210996,5.141100,3.307100,-0.441815,5.211200,3.184700,-0.495534,5.061000,3.001900,,,,,,,0.043794,0.035799,-0.039562,-0.117121,-0.139830,3.637614,1,24.020000,
128,2026-09-26 23:13:14.054715,ridge,1.300000,2000,rf,500,25,17,12,sqrt,0,-1,lgbm,regression,gbdt,15,7,0.160000,350,12,0.900000,0.620000,0.090000,0.150000,0,-1,-1,0,cuda,672,72,48,True,24,96,624,5,4,6,7,348.291495,0.031903,0.160000,2000,12,0.034000,48,24,1,0.078000,0.092000,0.152000,0.000000,0.082000,-7.800000,0.500000,0.070000,0.064000,0.360000,0.100000,0.250000,0.500000,0.750000,0.900000,96,1,3600.000000,0.150000,0.110000,4,0.700000,cuda,60,24,66,0.106246,0.120903,0.079729,0.032030,0.011662,,,,,0.399965,1.988300,1.555500,0.407925,2.652400,2.074500,1.308448,2.706800,2.050800,1.077178,2.277300,1.761200,,,,,,,-1.624380,5.679200,3.137200,-1.210996,5.141100,3.307100,-0.441815,5.211200,3.184700,-0.495534,5.061000,3.001900,,,,,,,0.045172,0.020899,-0.045299,-0.113545,-0.145492,3.725062,1,22.290000,
129,2026-09-26 23:14:24.359151,ridge,1.300000,2000,rf,500,25,17,12,sqrt,0,-1,lgbm,regression,gbdt,15,7,0.160000,350,12,0.900000,0.620000,0.090000,0.150000,0,-1,-1,0,cuda,672,72,48,True,24,96,624,5,4,6,7,278.307427,0.023123,0.160000,2300,11,0.032000,36,18,1,0.074000,0.088000,0.184000,0.000000,0.076000,-7.800000,1.100000,0.090000,0.072000,0.400000,0.100000,0.250000,0.500000,0.750000,0.900000,96,1,3600.000000,0.150000,0.110000,4,0.700000,cuda,60,24,66,0.077561,0.071351,-0.017052,-0.099629,-0.047845,,,,,-0.053864,2.006300,1.558600,0.407925,2.652400,2.074500,1.308448,2.706800,2.050800,1.077178,2.277300,1.761200,,,,,,,-2.189242,5.973500,3.256300,-1.210996,5.141100,3.307100,-0.441815,5.211200,3.184700,-0.495534,5.061000,3.001900,,,,,,,0.013284,-0.037550,-0.144613,-0.222582,-0.198763,3.852729,1,23.880000,
130,2026-09-26 23:24:52.265215,ridge,1.300000,2000,rf,500,25,17,12,sqrt,0,-1,lgbm,regression,gbdt,15,7,0.160000,350,12,0.900000,0.620000,0.090000,0.150000,0,-1,-1,0,cuda,672,72,48,True,26,96,656,5,4,7,8,215.818911,0.018681,0.180000,2400,11,0.036000,48,24,1,0.080000,0.084000,0.140000,0.000000,0.080000,-8.000000,0.800000,0.100000,0.056000,0.400000,0.100000,0.250000,0.500000,0.750000,0.900000,96,1,3600.000000,0.150000,0.110000,4,0.700000,cuda,60,24,66,0.091277,0.129088,0.066272,-0.000083,-0.010681,,,,,0.326581,1.923600,1.524200,0.407925,2.652400,2.074500,1.308448,2.706800,2.050800,1.077178,2.277300,1.761200,,,,,,,-1.721012,5.806300,3.150200,-1.210996,5.141100,3.307100,-0.441815,5.211200,3.184700,-0.495534,5.061000,3.001900,,,,,,,0.028520,0.022426,-0.051445,-0.124683,-0.149218,3.328854,9,18.610000,
131,2026-09-26 23:36:46.917591,ridge,1.300000,2000,rf,500,25,17,12,sqrt,0,-1,lgbm,regression,gbdt,15,7,0.160000,350,12,0.900000,0.620000,0.090000,0.150000,0,-1,-1,0,cuda,672,72,48,True,26,96,656,5,4,7,8,196.817423,0.018636,0.180000,2400,11,0.036000,48,24,1,0.080000,0.084000,0.140000,0.000000,0.082000,-8.000000,0.800000,0.100000,0.056000,0.400000,0.100000,0.250000,0.500000,0.750000,0.900000,96,1,3600.000000,0.150000,0.110000,4,0.700000,cuda,60,24,66,0.060860,0.077987,0.028924,-0.024970,-0.022885,,,,,0.136004,1.912300,1.500200,0.407925,2.652400,2.074500,1.308448,2.706800,2.050800,1.077178,2.277300,1.761200,,,,,,,-1.846453,5.795000,3.138800,-1.210996,5.141100,3.307100,-0.441815,5.211200,3.184700,-0.495534,5.061000,3.001900,,,,,,,0.005312,-0.011846,-0.076702,-0.138467,-0.160133,3.775927,9,18.500000,
132,2026-09-26 23:37:46.831345,ridge,1.300000,2000,rf,500,25,17,12,sqrt,0,-1,lgbm,regression,gbdt,15,7,0.160000,350,12,0.900000,0.620000,0.090000,0.150000,0,-1,-1,0,cuda,672,72,48,True,26,96,656,5,4,7,8,204.107549,0.018150,0.180000,2400,11,0.036000,48,24,1,0.080000,0.084000,0.136000,0.000000,0.082000,-8.000000,0.800000,0.100000,0.056000,0.400000,0.100000,0.250000,0.500000,0.750000,0.900000,96,1,3600.000000,0.150000,0.110000,4,0.700000,cuda,60,24,66,0.073211,0.098081,0.044114,-0.025633,-0.024876,,,,,0.240139,2.073200,1.640500,0.407925,2.652400,2.074500,1.308448,2.706800,2.050800,1.077178,2.277300,1.761200,,,,,,,-1.775967,5.744400,3.200700,-1.210996,5.141100,3.307100,-0.441815,5.211200,3.184700,-0.495534,5.061000,3.001900,,,,,,,0.013917,-0.002235,-0.070481,-0.148935,-0.168030,3.730427,1,20.430000,
133,2026-09-26 23:38:46.237967,ridge,1.300000,2000,rf,500,25,17,12,sqrt,0,-1,lgbm,regression,gbdt,15,7,0.160000,350,12,0.900000,0.620000,0.090000,0.150000,0,-1,-1,0,cuda,672,72,48,True,26,96,656,5,4,7,8,177.576516,0.019871,0.180000,2400,11,0.036000,48,24,1,0.080000,0.084000,0.140000,0.000000,0.084000,-7.700000,0.800000,0.100000,0.056000,0.400000,0.100000,0.250000,0.500000,0.750000,0.900000,96,1,3600.000000,0.150000,0.110000,4,0.700000,cuda,60,24,66,0.062703,0.036178,-0.033717,-0.114598,-0.067128,,,,,-0.165871,2.171900,1.704300,0.407925,2.652400,2.074500,1.308448,2.706800,2.050800,1.077178,2.277300,1.761200,,,,,,,-2.146655,5.865600,3.339300,-1.210996,5.141100,3.307100,-0.441815,5.211200,3.184700,-0.495534,5.061000,3.001900,,,,,,,0.015482,-0.039301,-0.130234,-0.222806,-0.210870,4.046916,1,23.820000,
134,2026-09-26 23:39:47.864260,ridge,1.300000,2000,rf,500,25,17,12,sqrt,0,-1,lgbm,regression,gbdt,15,7,0.160000,350,12,0.900000,0.620000,0.090000,0.150000,0,-1,-1,0,cuda,672,72,48,True,26,96,672,5,4,4,8,211.173726,0.028171,0.180000,2100,11,0.034000,48,24,1,0.080000,0.080000,0.140000,0.000000,0.080000,-8.000000,1.000000,0.100000,0.064000,0.400000,0.100000,0.250000,0.500000,0.750000,0.900000,96,1,3600.000000,0.150000,0.110000,4,0.700000,cuda,60,24,66,0.080400,0.105344,0.055359,-0.027956,-0.032581,,,,,0.274460,2.002700,1.594500,0.407925,2.652400,2.074500,1.308448,2.706800,2.050800,1.077178,2.277300,1.761200,,,,,,,-1.867257,5.866200,3.188700,-1.210996,5.141100,3.307100,-0.441815,5.211200,3.184700,-0.495534,5.061000,3.001900,,,,,,,0.009559,-0.013932,-0.079198,-0.155752,-0.170936,3.645730,1,21.750000,
135,2026-09-26 23:51:45.512432,ridge,1.300000,2000,rf,500,25,17,12,sqrt,0,-1,lgbm,regression,gbdt,15,7,0.160000,350,12,0.900000,0.620000,0.090000,0.150000,0,-1,-1,0,cuda,672,72,48,True,28,96,640,5,4,7,9,227.641986,0.010359,0.200000,2300,12,0.034000,48,24,1,0.078000,0.084000,0.140000,0.000000,0.086000,-7.900000,0.700000,0.080000,0.056000,0.400000,0.100000,0.250000,0.500000,0.750000,0.900000,96,1,3600.000000,0.150000,0.110000,4,0.700000,cuda,60,24,66,0.076087,0.047865,-0.025532,-0.086615,-0.074870,,,,,-0.071441,2.082400,1.650600,0.407925,2.652400,2.074500,1.308448,2.706800,2.050800,1.077178,2.277300,1.761200,,,,,,,-2.020126,5.947900,3.289000,-1.210996,5.141100,3.307100,-0.441815,5.211200,3.184700,-0.495534,5.061000,3.001900,,,,,,,0.020772,-0.025518,-0.112129,-0.187640,-0.194516,3.772281,9,18.220000,
136,2026-09-27 00:01:38.469077,ridge,1.300000,2000,rf,500,25,17,12,sqrt,0,-1,lgbm,regression,gbdt,15,7,0.160000,350,12,0.900000,0.620000,0.090000,0.150000,0,-1,-1,0,cuda,672,72,48,True,28,96,640,5,4,7,9,121.669408,0.012098,0.180000,2300,12,0.034000,48,24,1,0.078000,0.084000,0.136000,0.000000,0.086000,-7.900000,0.700000,0.080000,0.056000,0.360000,0.100000,0.250000,0.500000,0.750000,0.900000,96,1,3600.000000,0.150000,0.110000,4,0.700000,cuda,60,24,66,0.091719,0.098671,0.037772,-0.038943,-0.038370,,,,,0.265344,2.070900,1.633900,0.407925,2.652400,2.074500,1.308448,2.706800,2.050800,1.077178,2.277300,1.761200,,,,,,,-1.669257,5.771200,3.183100,-1.210996,5.141100,3.307100,-0.441815,5.211200,3.184700,-0.495534,5.061000,3.001900,,,,,,,0.030979,0.011138,-0.050551,-0.141782,-0.162517,3.979729,7,21.660000,
137,2026-09-27 00:13:56.265453,ridge,1.300000,2000,rf,500,25,17,12,sqrt,0,-1,lgbm,regression,gbdt,15,7,0.160000,350,12,0.900000,0.620000,0.090000,0.150000,0,-1,-1,0,cuda,672,72,48,True,28,96,656,5,4,6,10,220.377467,0.010613,0.200000,2200,11,0.036000,48,24,1,0.080000,0.080000,0.128000,0.000000,0.076000,-7.700000,0.500000,0.090000,0.056000,0.400000,0.100000,0.250000,0.500000,0.750000,0.900000,96,1,3600.000000,0.150000,0.110000,4,0.700000,cuda,60,24,66,0.070446,0.086947,0.024979,-0.041745,-0.038185,,,,,0.119700,2.024000,1.588400,0.407925,2.652400,2.074500,1.308448,2.706800,2.050800,1.077178,2.277300,1.761200,,,,,,,-2.017223,5.802600,3.191600,-1.210996,5.141100,3.307100,-0.441815,5.211200,3.184700,-0.495534,5.061000,3.001900,,,,,,,-0.004932,-0.030733,-0.110677,-0.184101,-0.185278,3.673375,9,20.260000,
138,2026-09-27 00:20:57.384335,ridge,1.300000,2000,rf,500,25,17,12,sqrt,0,-1,lgbm,regression,gbdt,15,7,0.160000,350,12,0.900000,0.620000,0.090000,0.150000,0,-1,-1,0,cuda,672,72,48,True,28,96,656,5,4,6,10,218.488644,0.008633,0.200000,2200,11,0.036000,48,24,1,0.080000,0.080000,0.128000,0.000000,0.076000,-7.700000,1.400000,0.090000,0.056000,0.400000,0.100000,0.250000,0.500000,0.750000,0.900000,96,1,3600.000000,0.150000,0.110000,4,0.700000,cuda,60,24,66,0.105066,0.134102,0.044925,-0.034150,-0.045338,,,,,0.214931,1.964300,1.542900,0.407925,2.652400,2.074500,1.308448,2.706800,2.050800,1.077178,2.277300,1.761200,,,,,,,-1.758808,5.760800,3.165500,-1.210996,5.141100,3.307100,-0.441815,5.211200,3.184700,-0.495534,5.061000,3.001900,,,,,,,0.038988,0.031143,-0.064148,-0.151058,-0.186097,3.663083,5,21.850000,
139,2026-09-27 00:33:00.626346,ridge,1.300000,2000,rf,500,25,17,12,sqrt,0,-1,lgbm,regression,gbdt,15,7,0.160000,350,12,0.900000,0.620000,0.090000,0.150000,0,-1,-1,0,cuda,672,72,48,True,28,96,640,5,4,6,10,150.011944,0.010617,0.200000,2000,12,0.036000,48,24,1,0.078000,0.084000,0.176000,0.000000,0.088000,-8.000000,0.500000,0.070000,0.064000,0.360000,0.100000,0.250000,0.500000,0.750000,0.900000,96,1,3600.000000,0.150000,0.110000,4,0.700000,cuda,60,24,66,0.060307,0.042777,0.017642,-0.033155,-0.021262,,,,,0.100414,2.017400,1.585000,0.407925,2.652400,2.074500,1.308448,2.706800,2.050800,1.077178,2.277300,1.761200,,,,,,,-1.830544,5.807200,3.149800,-1.210996,5.141100,3.307100,-0.441815,5.211200,3.184700,-0.495534,5.061000,3.001900,,,,,,,0.005796,-0.037252,-0.072791,-0.128856,-0.145567,3.807771,9,17.630000,
140,2026-09-27 00:44:27.699446,ridge,1.300000,2000,rf,500,25,17,12,sqrt,0,-1,lgbm,regression,gbdt,15,7,0.160000,350,12,0.900000,0.620000,0.090000,0.150000,0,-1,-1,0,cuda,672,72,48,True,28,96,640,5,4,6,10,151.830274,0.007228,0.200000,2000,12,0.034000,48,24,1,0.072000,0.088000,0.168000,0.000000,0.090000,-7.900000,0.500000,0.070000,0.064000,0.360000,0.100000,0.250000,0.500000,0.750000,0.900000,96,1,3600.000000,0.150000,0.110000,4,0.700000,cuda,60,24,66,0.068197,0.083960,0.053884,-0.008489,-0.015105,,,,,0.244904,1.948300,1.545400,0.407925,2.652400,2.074500,1.308448,2.706800,2.050800,1.077178,2.277300,1.761200,,,,,,,-1.794608,5.769200,3.131900,-1.210996,5.141100,3.307100,-0.441815,5.211200,3.184700,-0.495534,5.061000,3.001900,,,,,,,0.008739,-0.015981,-0.074803,-0.140590,-0.158941,3.346136,9,17.600000,
141,2026-09-27 00:56:28.619175,ridge,1.300000,2000,rf,500,25,17,12,sqrt,0,-1,lgbm,regression,gbdt,15,7,0.160000,350,12,0.900000,0.620000,0.090000,0.150000,0,-1,-1,0,cuda,672,72,48,True,28,96,640,5,4,6,10,144.396354,0.007298,0.200000,2000,12,0.034000,48,24,1,0.072000,0.088000,0.172000,0.000000,0.088000,-7.900000,0.500000,0.070000,0.064000,0.360000,0.100000,0.250000,0.500000,0.750000,0.900000,96,1,3600.000000,0.150000,0.110000,4,0.700000,cuda,60,24,66,0.041946,0.044916,0.021661,-0.028878,-0.031586,,,,,0.082773,1.989100,1.575000,0.407925,2.652400,2.074500,1.308448,2.706800,2.050800,1.077178,2.277300,1.761200,,,,,,,-1.875296,5.748900,3.175100,-1.210996,5.141100,3.307100,-0.441815,5.211200,3.184700,-0.495534,5.061000,3.001900,,,,,,,-0.001207,-0.033304,-0.091045,-0.142043,-0.158531,3.436125,9,16.910000,
142,2026-09-27 01:08:09.906063,ridge,1.300000,2000,rf,500,25,17,12,sqrt,0,-1,lgbm,regression,gbdt,15,7,0.160000,350,12,0.900000,0.620000,0.090000,0.150000,0,-1,-1,0,cuda,672,72,48,True,28,96,640,5,4,6,10,130.024961,0.009741,0.200000,2000,12,0.034000,48,24,1,0.072000,0.084000,0.172000,0.000000,0.096000,-7.800000,0.400000,0.070000,0.064000,0.360000,0.100000,0.250000,0.500000,0.750000,0.900000,96,1,3600.000000,0.150000,0.110000,4,0.700000,cuda,60,24,66,0.027383,0.032528,0.024241,0.015402,0.000675,,,,,0.101243,1.830500,1.433000,0.407925,2.652400,2.074500,1.308448,2.706800,2.050800,1.077178,2.277300,1.761200,,,,,,,-1.941545,5.814200,3.137600,-1.210996,5.141100,3.307100,-0.441815,5.211200,3.184700,-0.495534,5.061000,3.001900,,,,,,,-0.008918,-0.051185,-0.100842,-0.120325,-0.143891,3.185021,9,14.310000,
143,2026-09-27 01:20:22.011007,ridge,1.300000,2000,rf,500,25,17,12,sqrt,0,-1,lgbm,regression,gbdt,15,7,0.160000,350,12,0.900000,0.620000,0.090000,0.150000,0,-1,-1,0,cuda,672,72,48,True,28,96,640,5,4,6,10,139.846106,0.009765,0.200000,2000,12,0.036000,48,24,1,0.072000,0.080000,0.172000,0.000000,0.098000,-7.800000,0.400000,0.070000,0.064000,0.360000,0.100000,0.250000,0.500000,0.750000,0.900000,96,1,3600.000000,0.150000,0.110000,4,0.700000,cuda,60,24,66,0.042425,0.056788,0.024979,-0.018960,-0.003270,,,,,0.132367,1.980700,1.572200,0.407925,2.652400,2.074500,1.308448,2.706800,2.050800,1.077178,2.277300,1.761200,,,,,,,-1.802137,5.792300,3.128000,-1.210996,5.141100,3.307100,-0.441815,5.211200,3.184700,-0.495534,5.061000,3.001900,,,,,,,-0.007205,-0.026412,-0.074952,-0.118797,-0.127462,3.673177,9,13.920000,
144,2026-09-27 01:32:00.075880,ridge,1.300000,2000,rf,500,25,17,12,sqrt,0,-1,lgbm,regression,gbdt,15,7,0.160000,350,12,0.900000,0.620000,0.090000,0.150000,0,-1,-1,0,cuda,672,72,48,True,28,96,640,5,4,6,10,135.377943,0.009976,0.200000,2000,12,0.036000,48,24,1,0.072000,0.080000,0.172000,0.000000,0.096000,-7.800000,0.200000,0.070000,0.064000,0.360000,0.100000,0.250000,0.500000,0.750000,0.900000,96,1,3600.000000,0.150000,0.110000,4,0.700000,cuda,60,24,66,0.023769,0.034703,0.010416,-0.040639,-0.003528,,,,,0.035200,1.907500,1.504600,0.407925,2.652400,2.074500,1.308448,2.706800,2.050800,1.077178,2.277300,1.761200,,,,,,,-1.972143,5.854000,3.156000,-1.210996,5.141100,3.307100,-0.441815,5.211200,3.184700,-0.495534,5.061000,3.001900,,,,,,,-0.021286,-0.050887,-0.107696,-0.165512,-0.145604,3.233229,9,15.530000,
145,2026-09-27 01:43:51.477441,ridge,1.300000,2000,rf,500,25,17,12,sqrt,0,-1,lgbm,regression,gbdt,15,7,0.160000,350,12,0.900000,0.620000,0.090000,0.150000,0,-1,-1,0,cuda,672,72,48,True,28,96,640,5,4,6,10,133.200458,0.009140,0.200000,2000,12,0.036000,48,24,1,0.072000,0.084000,0.172000,0.000000,0.100000,-7.800000,0.200000,0.070000,0.064000,0.360000,0.100000,0.250000,0.500000,0.750000,0.900000,96,1,3600.000000,0.150000,0.110000,4,0.700000,cuda,60,24,66,0.046591,0.045948,0.005807,-0.035182,-0.005114,,,,,0.019380,1.995800,1.565400,0.407925,2.652400,2.074500,1.308448,2.706800,2.050800,1.077178,2.277300,1.761200,,,,,,,-1.881343,5.774200,3.136600,-1.210996,5.141100,3.307100,-0.441815,5.211200,3.184700,-0.495534,5.061000,3.001900,,,,,,,-0.001878,-0.033043,-0.089554,-0.134704,-0.138042,3.769813,9,13.170000,
146,2026-09-27 01:55:54.807509,ridge,1.300000,2000,rf,500,25,17,12,sqrt,0,-1,lgbm,regression,gbdt,15,7,0.160000,350,12,0.900000,0.620000,0.090000,0.150000,0,-1,-1,0,cuda,672,72,48,True,28,96,640,5,4,6,10,133.105229,0.007559,0.200000,2000,12,0.036000,48,24,1,0.072000,0.084000,0.172000,0.000000,0.100000,-7.500000,0.200000,0.070000,0.064000,0.360000,0.100000,0.250000,0.500000,0.750000,0.900000,96,1,3600.000000,0.150000,0.110000,4,0.700000,cuda,60,24,66,0.034867,0.004065,0.006102,-0.022057,-0.003492,,,,,0.059998,1.950800,1.498500,0.407925,2.652400,2.074500,1.308448,2.706800,2.050800,1.077178,2.277300,1.761200,,,,,,,-1.954165,5.966000,3.216100,-1.210996,5.141100,3.307100,-0.441815,5.211200,3.184700,-0.495534,5.061000,3.001900,,,,,,,-0.006683,-0.066272,-0.095962,-0.141521,-0.136999,3.964937,9,13.920000,
147,2026-09-27 01:57:16.365996,ridge,1.300000,2000,rf,500,25,17,12,sqrt,0,-1,lgbm,regression,gbdt,15,7,0.160000,350,12,0.900000,0.620000,0.090000,0.150000,0,-1,-1,0,cuda,672,72,48,True,28,96,640,5,4,6,10,134.885225,0.007399,0.200000,1800,12,0.036000,48,24,1,0.072000,0.076000,0.172000,0.000000,0.100000,-7.500000,0.300000,0.070000,0.072000,0.360000,0.100000,0.250000,0.500000,0.750000,0.900000,96,1,3600.000000,0.150000,0.110000,4,0.700000,cuda,60,24,66,0.050684,0.088901,0.021587,-0.016453,-0.001058,,,,,0.106075,2.003700,1.586700,0.407925,2.652400,2.074500,1.308448,2.706800,2.050800,1.077178,2.277300,1.761200,,,,,,,-1.863829,5.792900,3.164000,-1.210996,5.141100,3.307100,-0.441815,5.211200,3.184700,-0.495534,5.061000,3.001900,,,,,,,-0.004038,-0.008754,-0.084414,-0.135114,-0.141655,3.449823,1,16.450000,
148,2026-09-27 01:58:28.197341,ridge,1.300000,2000,rf,500,25,17,12,sqrt,0,-1,lgbm,regression,gbdt,15,7,0.160000,350,12,0.900000,0.620000,0.090000,0.150000,0,-1,-1,0,cuda,672,72,48,True,28,96,640,5,4,6,10,128.114501,0.007109,0.200000,1800,12,0.036000,48,24,1,0.070000,0.080000,0.172000,0.000000,0.100000,-7.500000,0.200000,0.060000,0.072000,0.360000,0.100000,0.250000,0.500000,0.750000,0.900000,96,1,3600.000000,0.150000,0.110000,4,0.700000,cuda,60,24,66,-0.004952,0.020435,-0.021661,-0.086393,-0.048988,,,,,-0.160574,1.970500,1.543800,0.407925,2.652400,2.074500,1.308448,2.706800,2.050800,1.077178,2.277300,1.761200,,,,,,,-2.245826,5.946600,3.273100,-1.210996,5.141100,3.307100,-0.441815,5.211200,3.184700,-0.495534,5.061000,3.001900,,,,,,,-0.034660,-0.067948,-0.152399,-0.212338,-0.195113,3.394823,1,15.870000,
149,2026-09-27 02:04:56.568244,ridge,1.300000,2000,rf,500,25,17,12,sqrt,0,-1,lgbm,regression,gbdt,15,7,0.160000,350,12,0.900000,0.620000,0.090000,0.150000,0,-1,-1,0,cuda,672,72,48,True,28,128,640,5,4,6,10,139.099213,0.007395,0.200000,1800,12,0.036000,48,24,1,0.072000,0.076000,0.172000,0.000000,0.100000,-7.500000,0.100000,0.060000,0.080000,0.360000,0.100000,0.250000,0.500000,0.750000,0.900000,96,1,3600.000000,0.150000,0.110000,4,0.700000,cuda,60,24,66,0.047181,0.098855,0.071102,0.000433,0.013726,,,,,0.340039,2.059400,1.625600,0.407925,2.652400,2.074500,1.308448,2.706800,2.050800,1.077178,2.277300,1.761200,,,,,,,-1.702473,5.741500,3.144500,-1.210996,5.141100,3.307100,-0.441815,5.211200,3.184700,-0.495534,5.061000,3.001900,,,,,,,-0.010483,-0.007562,-0.047050,-0.123640,-0.118187,3.887042,5,15.980000,
150,2026-09-27 02:06:16.799528,ridge,1.300000,2000,rf,500,25,17,12,sqrt,0,-1,lgbm,regression,gbdt,15,7,0.160000,350,12,0.900000,0.620000,0.090000,0.150000,0,-1,-1,0,cuda,672,72,48,True,28,128,640,5,4,6,10,137.082069,0.008325,0.200000,1700,12,0.036000,48,24,1,0.070000,0.076000,0.172000,0.000000,0.100000,-7.500000,0.200000,0.060000,0.080000,0.360000,0.100000,0.250000,0.500000,0.750000,0.900000,96,1,3600.000000,0.150000,0.110000,4,0.700000,cuda,60,24,66,0.023216,0.009116,-0.052041,-0.083591,-0.052859,,,,,-0.267818,1.929200,1.522300,0.407925,2.652400,2.074500,1.308448,2.706800,2.050800,1.077178,2.277300,1.761200,,,,,,,-2.150072,5.867700,3.229300,-1.210996,5.141100,3.307100,-0.441815,5.211200,3.184700,-0.495534,5.061000,3.001900,,,,,,,-0.011526,-0.053755,-0.141670,-0.189800,-0.183713,3.424989,1,17.030000,
151,2026-09-27 02:12:28.504435,ridge,1.300000,2000,rf,500,25,17,12,sqrt,0,-1,lgbm,regression,gbdt,15,7,0.160000,350,12,0.900000,0.620000,0.090000,0.150000,0,-1,-1,0,cuda,672,72,48,True,28,128,640,5,4,6,10,134.573706,0.007203,0.200000,1700,12,0.036000,48,24,1,0.070000,0.076000,0.172000,0.000000,0.100000,-7.500000,0.200000,0.060000,0.080000,0.360000,0.100000,0.250000,0.500000,0.750000,0.900000,96,1,3600.000000,0.150000,0.110000,4,0.700000,cuda,60,24,66,0.063146,0.057488,-0.043930,-0.110063,-0.073580,,,,,-0.123364,2.288900,1.824400,0.407925,2.652400,2.074500,1.308448,2.706800,2.050800,1.077178,2.277300,1.761200,,,,,,,-2.060411,6.081800,3.425200,-1.210996,5.141100,3.307100,-0.441815,5.211200,3.184700,-0.495534,5.061000,3.001900,,,,,,,0.011161,-0.005551,-0.110118,-0.191849,-0.181366,3.913125,5,16.180000,
152,2026-09-27 02:13:46.480722,ridge,1.300000,2000,rf,500,25,17,12,sqrt,0,-1,lgbm,regression,gbdt,15,7,0.160000,350,12,0.900000,0.620000,0.090000,0.150000,0,-1,-1,0,cuda,672,72,48,True,28,128,640,5,4,6,10,136.303016,0.007257,0.200000,1700,12,0.038000,48,24,1,0.070000,0.076000,0.172000,0.000000,0.100000,-7.500000,0.200000,0.060000,0.080000,0.360000,0.100000,0.250000,0.500000,0.750000,0.900000,96,1,3600.000000,0.150000,0.110000,4,0.700000,cuda,60,24,66,0.040950,0.043810,-0.014029,-0.052732,-0.036231,,,,,-0.069444,1.936800,1.531800,0.407925,2.652400,2.074500,1.308448,2.706800,2.050800,1.077178,2.277300,1.761200,,,,,,,-2.171013,5.904300,3.222500,-1.210996,5.141100,3.307100,-0.441815,5.211200,3.184700,-0.495534,5.061000,3.001900,,,,,,,-0.008769,-0.052451,-0.139771,-0.179407,-0.172314,3.309010,1,16.010000,
153,2026-09-27 02:24:53.399107,ridge,1.300000,2000,rf,500,25,17,12,sqrt,0,-1,lgbm,regression,gbdt,15,7,0.160000,350,12,0.900000,0.620000,0.090000,0.150000,0,-1,-1,0,cuda,672,72,48,True,28,128,640,5,4,6,10,131.822796,0.006787,0.200000,1700,12,0.038000,48,24,1,0.070000,0.076000,0.172000,0.000000,0.100000,-7.500000,0.200000,0.060000,0.080000,0.360000,0.100000,0.250000,0.500000,0.750000,0.900000,96,1,3600.000000,0.150000,0.110000,4,0.700000,cuda,60,24,66,0.071478,0.111796,0.073167,0.011789,0.013800,,,,,0.436891,2.089100,1.657600,0.407925,2.652400,2.074500,1.308448,2.706800,2.050800,1.077178,2.277300,1.761200,,,,,,,-1.410176,5.571800,3.133100,-1.210996,5.141100,3.307100,-0.441815,5.211200,3.184700,-0.495534,5.061000,3.001900,,,,,,,0.021517,0.042468,-0.012144,-0.094621,-0.119304,3.744261,9,13.640000,
154,2026-09-27 02:36:29.545285,ridge,1.300000,2000,rf,500,25,17,12,sqrt,0,-1,lgbm,regression,gbdt,15,7,0.160000,350,12,0.900000,0.620000,0.090000,0.150000,0,-1,-1,0,cuda,672,72,48,True,28,128,640,5,4,6,10,127.976220,0.007476,0.200000,1700,12,0.038000,48,24,1,0.070000,0.072000,0.172000,0.000000,0.100000,-7.500000,0.100000,0.060000,0.080000,0.360000,0.100000,0.250000,0.500000,0.750000,0.900000,96,1,3600.000000,0.150000,0.110000,4,0.700000,cuda,60,24,66,0.030664,0.031827,0.019596,-0.024417,-0.011013,,,,,0.065677,1.946500,1.542600,0.407925,2.652400,2.074500,1.308448,2.706800,2.050800,1.077178,2.277300,1.761200,,,,,,,-1.868059,5.758800,3.098000,-1.210996,5.141100,3.307100,-0.441815,5.211200,3.184700,-0.495534,5.061000,3.001900,,,,,,,-0.013575,-0.056102,-0.087543,-0.127962,-0.134764,3.402354,9,12.710000,
155,2026-09-27 02:48:16.842836,ridge,1.300000,2000,rf,500,25,17,12,sqrt,0,-1,lgbm,regression,gbdt,15,7,0.160000,350,12,0.900000,0.620000,0.090000,0.150000,0,-1,-1,0,cuda,672,72,48,True,28,128,640,5,4,6,10,132.147043,0.006938,0.200000,1700,12,0.038000,48,24,1,0.070000,0.072000,0.172000,0.000000,0.100000,-7.400000,0.200000,0.060000,0.080000,0.360000,0.100000,0.250000,0.500000,0.750000,0.900000,96,1,3600.000000,0.150000,0.110000,4,0.700000,cuda,60,24,66,0.012893,0.010148,-0.030804,-0.062170,-0.018977,,,,,-0.148593,1.916900,1.511700,0.407925,2.652400,2.074500,1.308448,2.706800,2.050800,1.077178,2.277300,1.761200,,,,,,,-1.954733,5.725800,3.096800,-1.210996,5.141100,3.307100,-0.441815,5.211200,3.184700,-0.495534,5.061000,3.001900,,,,,,,-0.021807,-0.056288,-0.115780,-0.154001,-0.133125,3.237417,9,13.810000,
156,2026-09-27 02:52:00.133560,ridge,1.300000,2000,rf,500,25,17,12,sqrt,0,-1,lgbm,regression,gbdt,15,7,0.160000,350,12,0.900000,0.620000,0.090000,0.150000,0,-1,-1,0,cuda,672,72,48,True,28,128,640,5,4,6,10,100.512637,0.006862,0.200000,1700,12,0.038000,48,24,1,0.070000,0.072000,0.168000,0.000000,0.100000,-7.400000,0.100000,0.060000,0.080000,0.360000,0.100000,0.250000,0.500000,0.750000,0.900000,96,1,3600.000000,0.150000,0.110000,4,0.700000,cuda,60,24,66,0.038296,0.033744,-0.033791,-0.095390,-0.066685,,,,,-0.195769,2.098300,1.670500,0.407925,2.652400,2.074500,1.308448,2.706800,2.050800,1.077178,2.277300,1.761200,,,,,,,-2.086797,5.879200,3.244400,-1.210996,5.141100,3.307100,-0.441815,5.211200,3.184700,-0.495534,5.061000,3.001900,,,,,,,-0.006795,-0.045783,-0.118574,-0.182760,-0.180919,3.447792,3,20.080000,
157,2026-09-27 03:03:28.377503,ridge,1.300000,2000,rf,500,25,17,12,sqrt,0,-1,lgbm,regression,gbdt,15,7,0.160000,350,12,0.900000,0.620000,0.090000,0.150000,0,-1,-1,0,cuda,672,72,48,True,28,128,640,5,4,6,10,141.167253,0.007432,0.200000,1800,12,0.038000,48,24,1,0.066000,0.072000,0.164000,0.000000,0.100000,-7.200000,0.200000,0.060000,0.080000,0.360000,0.100000,0.250000,0.500000,0.750000,0.900000,96,1,3600.000000,0.150000,0.110000,4,0.700000,cuda,60,24,66,0.049467,0.070724,0.065572,0.024029,0.019072,,,,,0.304460,1.948200,1.555600,0.407925,2.652400,2.074500,1.308448,2.706800,2.050800,1.077178,2.277300,1.761200,,,,,,,-1.612054,5.608300,3.102200,-1.210996,5.141100,3.307100,-0.441815,5.211200,3.184700,-0.495534,5.061000,3.001900,,,,,,,0.009596,-0.010989,-0.052935,-0.105722,-0.124817,3.298833,9,13.850000,
158,2026-09-27 03:15:46.295247,ridge,1.300000,2000,rf,500,25,17,12,sqrt,0,-1,lgbm,regression,gbdt,15,7,0.160000,350,12,0.900000,0.620000,0.090000,0.150000,0,-1,-1,0,cuda,672,72,48,True,28,128,672,5,4,6,10,129.053240,0.004987,0.200000,1800,12,0.040000,48,24,1,0.066000,0.072000,0.184000,0.000000,0.100000,-7.200000,0.200000,0.060000,0.080000,0.360000,0.100000,0.250000,0.500000,0.750000,0.900000,96,1,3600.000000,0.150000,0.110000,4,0.700000,cuda,60,24,66,0.036821,0.060917,0.064945,0.031883,0.020473,,,,,0.292586,1.894000,1.500400,0.407925,2.652400,2.074500,1.308448,2.706800,2.050800,1.077178,2.277300,1.761200,,,,,,,-1.593086,5.679700,3.058200,-1.210996,5.141100,3.307100,-0.441815,5.211200,3.184700,-0.495534,5.061000,3.001900,,,,,,,-0.009216,-0.018663,-0.030696,-0.076553,-0.108687,3.328635,9,14.740000,
159,2026-09-27 03:17:14.028089,ridge,1.300000,2000,rf,500,25,17,12,sqrt,0,-1,lgbm,regression,gbdt,15,7,0.160000,350,12,0.900000,0.620000,0.090000,0.150000,0,-1,-1,0,cuda,672,72,48,True,28,128,672,5,4,6,10,114.745403,0.004968,0.200000,1800,12,0.040000,48,24,1,0.066000,0.072000,0.184000,0.000000,0.096000,-7.000000,0.200000,0.050000,0.080000,0.360000,0.100000,0.250000,0.500000,0.750000,0.900000,96,1,3600.000000,0.150000,0.110000,4,0.700000,cuda,60,24,66,0.042057,0.056972,0.016941,-0.038464,-0.033208,,,,,0.088535,2.029800,1.618900,0.407925,2.652400,2.074500,1.308448,2.706800,2.050800,1.077178,2.277300,1.761200,,,,,,,-1.827061,5.771300,3.152800,-1.210996,5.141100,3.307100,-0.441815,5.211200,3.184700,-0.495534,5.061000,3.001900,,,,,,,-0.002660,-0.030808,-0.076851,-0.140106,-0.155104,3.485073,1,16.350000,
160,2026-09-27 03:24:01.829279,ridge,1.300000,2000,rf,500,25,17,12,sqrt,0,-1,lgbm,regression,gbdt,15,7,0.160000,350,12,0.900000,0.620000,0.090000,0.150000,0,-1,-1,0,cuda,672,72,48,True,28,128,672,5,4,6,10,116.939264,0.005038,0.200000,1800,12,0.040000,48,24,1,0.066000,0.072000,0.184000,0.000000,0.096000,-7.100000,0.200000,0.050000,0.080000,0.360000,0.100000,0.250000,0.500000,0.750000,0.900000,96,1,3600.000000,0.150000,0.110000,4,0.700000,cuda,60,24,66,0.062851,0.078983,0.003595,-0.053469,-0.027420,,,,,0.022278,1.960300,1.550400,0.407925,2.652400,2.074500,1.308448,2.706800,2.050800,1.077178,2.277300,1.761200,,,,,,,-2.012502,5.860600,3.183500,-1.210996,5.141100,3.307100,-0.441815,5.211200,3.184700,-0.495534,5.061000,3.001900,,,,,,,-0.000760,-0.020489,-0.113545,-0.174043,-0.158680,3.332615,5,16.460000,
161,2026-09-27 03:25:29.803990,ridge,1.300000,2000,rf,500,25,17,12,sqrt,0,-1,lgbm,regression,gbdt,15,7,0.160000,350,12,0.900000,0.620000,0.090000,0.150000,0,-1,-1,0,cuda,672,72,48,True,28,128,672,5,4,6,10,121.039706,0.005206,0.200000,1800,12,0.040000,48,24,1,0.066000,0.072000,0.184000,0.000000,0.096000,-7.000000,0.200000,0.050000,0.080000,0.360000,0.100000,0.250000,0.500000,0.750000,0.900000,96,1,3600.000000,0.150000,0.110000,4,0.700000,cuda,60,24,66,-0.022870,-0.053377,-0.097574,-0.125327,-0.087848,,,,,-0.514798,2.036600,1.603800,0.407925,2.652400,2.074500,1.308448,2.706800,2.050800,1.077178,2.277300,1.761200,,,,,,,-2.507648,5.979600,3.344400,-1.210996,5.141100,3.307100,-0.441815,5.211200,3.184700,-0.495534,5.061000,3.001900,,,,,,,-0.046059,-0.119431,-0.202354,-0.237781,-0.222530,3.438573,1,20.580000,
162,2026-09-27 03:37:34.479245,ridge,1.300000,2000,rf,500,25,17,12,sqrt,0,-1,lgbm,regression,gbdt,15,7,0.160000,350,12,0.900000,0.620000,0.090000,0.150000,0,-1,-1,0,cuda,672,72,48,True,28,128,672,5,4,6,10,111.830360,0.004784,0.200000,1600,12,0.040000,48,24,1,0.066000,0.072000,0.180000,0.000000,0.096000,-7.100000,0.100000,0.050000,0.088000,0.360000,0.100000,0.250000,0.500000,0.750000,0.900000,96,1,3600.000000,0.150000,0.110000,4,0.700000,cuda,60,24,66,0.056177,0.070355,0.038989,-0.014536,-0.003676,,,,,0.229758,2.002500,1.589300,0.407925,2.652400,2.074500,1.308448,2.706800,2.050800,1.077178,2.277300,1.761200,,,,,,,-1.629683,5.649400,3.089400,-1.210996,5.141100,3.307100,-0.441815,5.211200,3.184700,-0.495534,5.061000,3.001900,,,,,,,0.003114,-0.011436,-0.048577,-0.114849,-0.126643,3.604875,9,14.680000,
163,2026-09-27 03:38:45.622483,ridge,1.300000,2000,rf,500,25,17,12,sqrt,0,-1,lgbm,regression,gbdt,15,7,0.160000,350,12,0.900000,0.620000,0.090000,0.150000,0,-1,-1,0,cuda,672,72,48,True,28,128,672,5,4,6,10,106.900924,0.006236,0.200000,1600,12,0.038000,48,24,1,0.070000,0.068000,0.164000,0.000000,0.098000,-7.200000,0.100000,0.060000,0.088000,0.320000,0.100000,0.250000,0.500000,0.750000,0.900000,96,1,3600.000000,0.150000,0.110000,4,0.700000,cuda,60,24,66,0.054150,0.066779,0.013181,-0.039127,-0.026424,,,,,0.121636,2.065200,1.626000,0.407925,2.652400,2.074500,1.308448,2.706800,2.050800,1.077178,2.277300,1.761200,,,,,,,-1.903233,5.878600,3.209000,-1.210996,5.141100,3.307100,-0.441815,5.211200,3.184700,-0.495534,5.061000,3.001900,,,,,,,-0.000425,-0.024214,-0.084265,-0.148637,-0.145530,3.767729,1,17.950000,
164,2026-09-27 03:40:07.698834,ridge,1.300000,2000,rf,500,25,17,12,sqrt,0,-1,lgbm,regression,gbdt,15,7,0.160000,350,12,0.900000,0.620000,0.090000,0.150000,0,-1,-1,0,cuda,672,72,48,True,28,128,672,5,4,6,10,133.175633,0.007775,0.200000,1600,12,0.040000,48,24,1,0.062000,0.076000,0.180000,0.000000,0.096000,-6.700000,0.300000,0.040000,0.088000,0.360000,0.100000,0.250000,0.500000,0.750000,0.900000,96,1,3600.000000,0.150000,0.110000,4,0.700000,cuda,60,24,66,0.062224,0.074890,0.031320,-0.030205,-0.033466,,,,,0.196007,2.062000,1.621600,0.407925,2.652400,2.074500,1.308448,2.706800,2.050800,1.077178,2.277300,1.761200,,,,,,,-1.851097,5.898800,3.191200,-1.210996,5.141100,3.307100,-0.441815,5.211200,3.184700,-0.495534,5.061000,3.001900,,,,,,,0.001363,-0.023581,-0.075846,-0.135039,-0.151043,3.848719,1,19.190000,
165,2026-09-27 03:41:19.994251,ridge,1.300000,2000,rf,500,25,17,12,sqrt,0,-1,lgbm,regression,gbdt,15,7,0.160000,350,12,0.900000,0.620000,0.090000,0.150000,0,-1,-1,0,cuda,672,72,48,True,28,128,688,5,4,6,10,162.018721,0.005378,0.200000,1900,12,0.038000,48,24,1,0.066000,0.068000,0.176000,0.000000,0.098000,-7.300000,0.000000,0.060000,0.080000,0.320000,0.100000,0.250000,0.500000,0.750000,0.900000,96,1,3600.000000,0.150000,0.110000,4,0.700000,cuda,60,24,66,0.011013,0.002184,-0.074088,-0.123263,-0.118117,,,,,-0.371067,2.055700,1.609200,0.407925,2.652400,2.074500,1.308448,2.706800,2.050800,1.077178,2.277300,1.761200,,,,,,,-2.382319,5.955100,3.320900,-1.210996,5.141100,3.307100,-0.441815,5.211200,3.184700,-0.495534,5.061000,3.001900,,,,,,,-0.027954,-0.079496,-0.176091,-0.238750,-0.242982,3.625625,1,23.520000,
166,2026-09-27 03:46:21.727220,ridge,1.300000,2000,rf,500,25,17,12,sqrt,0,-1,lgbm,regression,gbdt,15,7,0.160000,350,12,0.900000,0.620000,0.090000,0.150000,0,-1,-1,0,cuda,672,72,48,True,28,128,640,5,4,6,10,128.256652,0.009188,0.200000,1400,12,0.038000,48,24,1,0.064000,0.072000,0.160000,0.000000,0.094000,-7.000000,0.300000,0.060000,0.096000,0.360000,0.100000,0.250000,0.500000,0.750000,0.900000,96,1,3600.000000,0.150000,0.110000,4,0.700000,cuda,60,24,66,0.057652,0.070908,0.017273,-0.026592,-0.031549,,,,,0.089333,2.082900,1.658700,0.407925,2.652400,2.074500,1.308448,2.706800,2.050800,1.077178,2.277300,1.761200,,,,,,,-1.876939,5.808500,3.202000,-1.210996,5.141100,3.307100,-0.441815,5.211200,3.184700,-0.495534,5.061000,3.001900,,,,,,,0.000544,-0.018179,-0.075883,-0.130532,-0.154806,3.656177,4,16.860000,
167,2026-09-27 03:55:26.230520,ridge,1.300000,2000,rf,500,25,17,12,sqrt,0,-1,lgbm,regression,gbdt,15,7,0.160000,350,12,0.900000,0.620000,0.090000,0.150000,0,-1,-1,0,cuda,672,72,48,True,28,128,640,5,4,6,10,166.445339,0.004513,0.200000,1800,12,0.040000,48,24,1,0.068000,0.076000,0.200000,0.000000,0.098000,-7.400000,0.100000,0.040000,0.080000,0.320000,0.100000,0.250000,0.500000,0.750000,0.900000,96,1,3600.000000,0.150000,0.110000,4,0.700000,cuda,60,24,66,0.010718,-0.025947,-0.058124,-0.077545,-0.070409,,,,,-0.300822,1.976800,1.567200,0.407925,2.652400,2.074500,1.308448,2.706800,2.050800,1.077178,2.277300,1.761200,,,,,,,-2.206441,5.938400,3.241200,-1.210996,5.141100,3.307100,-0.441815,5.211200,3.184700,-0.495534,5.061000,3.001900,,,,,,,-0.027805,-0.086686,-0.148078,-0.182089,-0.186619,3.178531,7,15.370000,
168,2026-09-27 04:03:52.284649,ridge,1.300000,2000,rf,500,25,17,12,sqrt,0,-1,lgbm,regression,gbdt,15,7,0.160000,350,12,0.900000,0.620000,0.090000,0.150000,0,-1,-1,0,cuda,672,72,48,True,28,128,672,5,4,6,10,167.643728,0.003971,0.200000,1800,12,0.042000,48,24,1,0.068000,0.072000,0.200000,0.000000,0.094000,-7.200000,0.100000,0.040000,0.088000,0.320000,0.100000,0.250000,0.500000,0.750000,0.900000,96,1,3600.000000,0.150000,0.110000,4,0.700000,cuda,60,24,66,0.057210,0.060622,0.007650,-0.051257,-0.021742,,,,,0.060423,2.022100,1.602200,0.407925,2.652400,2.074500,1.308448,2.706800,2.050800,1.077178,2.277300,1.761200,,,,,,,-1.803661,5.757600,3.111800,-1.210996,5.141100,3.307100,-0.441815,5.211200,3.184700,-0.495534,5.061000,3.001900,,,,,,,0.003189,-0.020973,-0.074952,-0.138802,-0.138936,3.636146,6,15.720000,
169,2026-09-27 04:05:12.778716,ridge,1.300000,2000,rf,500,25,17,12,sqrt,0,-1,lgbm,regression,gbdt,15,7,0.160000,350,12,0.900000,0.620000,0.090000,0.150000,0,-1,-1,0,cuda,672,72,48,True,28,128,640,5,4,6,10,163.737108,0.004004,0.200000,1900,12,0.042000,48,24,1,0.068000,0.076000,0.164000,0.000000,0.098000,-7.200000,0.000000,0.040000,0.088000,0.320000,0.100000,0.250000,0.500000,0.750000,0.900000,96,1,3600.000000,0.150000,0.110000,4,0.700000,cuda,60,24,66,0.053117,0.040528,0.002046,-0.050483,-0.056915,,,,,0.043559,2.112700,1.667500,0.407925,2.652400,2.074500,1.308448,2.706800,2.050800,1.077178,2.277300,1.761200,,,,,,,-1.978662,5.805400,3.208300,-1.210996,5.141100,3.307100,-0.441815,5.211200,3.184700,-0.495534,5.061000,3.001900,,,,,,,-0.012010,-0.056363,-0.102183,-0.167188,-0.183825,3.688073,1,18.590000,
170,2026-09-27 04:10:26.605528,ridge,1.300000,2000,rf,500,25,17,12,sqrt,0,-1,lgbm,regression,gbdt,15,7,0.160000,350,12,0.900000,0.620000,0.090000,0.150000,0,-1,-1,0,cuda,672,72,48,True,28,128,656,5,4,6,10,165.859359,0.003443,0.200000,1500,12,0.042000,48,24,1,0.070000,0.064000,0.196000,0.000000,0.094000,-7.400000,0.100000,0.060000,0.088000,0.320000,0.100000,0.250000,0.500000,0.750000,0.900000,96,1,3600.000000,0.150000,0.110000,4,0.700000,cuda,60,24,66,0.019493,0.009558,-0.051893,-0.095095,-0.077267,,,,,-0.258534,1.868300,1.481700,0.407925,2.652400,2.074500,1.308448,2.706800,2.050800,1.077178,2.277300,1.761200,,,,,,,-2.119788,5.756200,3.153200,-1.210996,5.141100,3.307100,-0.441815,5.211200,3.184700,-0.495534,5.061000,3.001900,,,,,,,-0.011451,-0.059790,-0.143459,-0.200939,-0.199881,2.992135,4,16.000000,
171,2026-09-27 04:15:32.515075,ridge,1.300000,2000,rf,500,25,17,12,sqrt,0,-1,lgbm,regression,gbdt,15,7,0.160000,350,12,0.900000,0.620000,0.090000,0.150000,0,-1,-1,0,cuda,672,72,48,True,28,128,656,5,4,6,10,157.359183,0.003458,0.200000,1500,12,0.042000,48,24,1,0.068000,0.064000,0.196000,0.000000,0.094000,-7.400000,0.100000,0.060000,0.088000,0.320000,0.100000,0.250000,0.500000,0.750000,0.900000,96,1,3600.000000,0.150000,0.110000,4,0.700000,cuda,60,24,66,0.086410,0.116958,0.041238,-0.020656,-0.014405,,,,,0.246727,2.077700,1.657800,0.407925,2.652400,2.074500,1.308448,2.706800,2.050800,1.077178,2.277300,1.761200,,,,,,,-1.653196,5.705700,3.140400,-1.210996,5.141100,3.307100,-0.441815,5.211200,3.184700,-0.495534,5.061000,3.001900,,,,,,,0.024274,0.025183,-0.049061,-0.115519,-0.142438,3.633563,4,16.900000,
172,2026-09-27 04:16:46.541077,ridge,1.300000,2000,rf,500,25,17,12,sqrt,0,-1,lgbm,regression,gbdt,15,7,0.160000,350,12,0.900000,0.620000,0.090000,0.150000,0,-1,-1,0,cuda,672,72,48,True,28,128,656,5,4,6,10,110.983084,0.006062,0.200000,1700,12,0.042000,48,24,1,0.070000,0.076000,0.200000,0.000000,0.094000,-7.300000,-0.200000,0.050000,0.080000,0.320000,0.100000,0.250000,0.500000,0.750000,0.900000,96,1,3600.000000,0.150000,0.110000,4,0.700000,cuda,60,24,66,0.051384,0.025154,-0.012628,-0.065194,-0.059680,,,,,-0.061455,2.103400,1.671500,0.407925,2.652400,2.074500,1.308448,2.706800,2.050800,1.077178,2.277300,1.761200,,,,,,,-2.111697,5.996500,3.315200,-1.210996,5.141100,3.307100,-0.441815,5.211200,3.184700,-0.495534,5.061000,3.001900,,,,,,,-0.003666,-0.056176,-0.114551,-0.181642,-0.184831,3.569813,1,18.480000,
173,2026-09-27 04:29:40.007526,ridge,1.300000,2000,rf,500,25,17,12,sqrt,0,-1,lgbm,regression,gbdt,15,7,0.160000,350,12,0.900000,0.620000,0.090000,0.150000,0,-1,-1,0,cuda,672,72,48,True,28,128,688,5,4,6,10,127.544044,0.009362,0.200000,1600,12,0.038000,48,24,1,0.070000,0.068000,0.188000,0.000000,0.100000,-7.500000,0.100000,0.040000,0.088000,0.360000,0.100000,0.250000,0.500000,0.750000,0.900000,96,1,3600.000000,0.150000,0.110000,4,0.700000,cuda,60,24,66,0.048877,0.023827,-0.004811,-0.042446,-0.011381,,,,,-0.039664,2.028800,1.599200,0.407925,2.652400,2.074500,1.308448,2.706800,2.050800,1.077178,2.277300,1.761200,,,,,,,-2.203319,6.019900,3.262300,-1.210996,5.141100,3.307100,-0.441815,5.211200,3.184700,-0.495534,5.061000,3.001900,,,,,,,-0.015400,-0.090560,-0.146141,-0.181791,-0.155886,3.563344,9,13.240000,
174,2026-09-27 04:33:46.096540,ridge,1.300000,2000,rf,500,25,17,12,sqrt,0,-1,lgbm,regression,gbdt,15,7,0.160000,350,12,0.900000,0.620000,0.090000,0.150000,0,-1,-1,0,cuda,672,72,48,True,28,128,688,5,4,6,10,175.225985,0.004283,0.200000,1600,12,0.038000,48,24,1,0.064000,0.068000,0.192000,0.000000,0.098000,-7.200000,0.000000,0.040000,0.088000,0.320000,0.100000,0.250000,0.500000,0.750000,0.900000,96,1,3600.000000,0.150000,0.110000,4,0.700000,cuda,60,24,66,0.055071,0.094025,0.069000,0.031403,0.012657,,,,,0.295900,1.867500,1.486000,0.407925,2.652400,2.074500,1.308448,2.706800,2.050800,1.077178,2.277300,1.761200,,,,,,,-1.642576,5.616500,3.054400,-1.210996,5.141100,3.307100,-0.441815,5.211200,3.184700,-0.495534,5.061000,3.001900,,,,,,,0.004306,-0.003241,-0.048353,-0.091752,-0.128878,3.193240,3,16.120000,
175,2026-09-27 04:35:09.032322,ridge,1.300000,2000,rf,500,25,17,12,sqrt,0,-1,lgbm,regression,gbdt,15,7,0.160000,350,12,0.900000,0.620000,0.090000,0.150000,0,-1,-1,0,cuda,672,72,48,True,28,128,688,5,4,6,9,143.723569,0.009825,0.200000,1600,12,0.040000,48,24,1,0.070000,0.072000,0.200000,0.000000,0.092000,-7.400000,0.100000,0.050000,0.088000,0.360000,0.100000,0.250000,0.500000,0.750000,0.900000,96,1,3600.000000,0.150000,0.110000,4,0.700000,cuda,60,24,66,0.039513,0.073784,0.024426,-0.037616,-0.020709,,,,,0.127203,1.900400,1.502700,0.407925,2.652400,2.074500,1.308448,2.706800,2.050800,1.077178,2.277300,1.761200,,,,,,,-1.745298,5.699400,3.079000,-1.210996,5.141100,3.307100,-0.441815,5.211200,3.184700,-0.495534,5.061000,3.001900,,,,,,,-0.002399,-0.014826,-0.071226,-0.134741,-0.144077,3.422021,1,16.450000,
176,2026-09-27 04:36:36.801146,ridge,1.300000,2000,rf,500,25,17,12,sqrt,0,-1,lgbm,regression,gbdt,15,7,0.160000,350,12,0.900000,0.620000,0.090000,0.150000,0,-1,-1,0,cuda,672,72,48,True,28,128,672,5,4,6,10,100.644581,0.005585,0.200000,1400,12,0.040000,48,24,1,0.072000,0.064000,0.188000,0.000000,0.098000,-7.100000,-0.200000,0.070000,0.080000,0.360000,0.100000,0.250000,0.500000,0.750000,0.900000,96,1,3600.000000,0.150000,0.110000,4,0.700000,cuda,60,24,66,0.016433,-0.004563,-0.037293,-0.088532,-0.062408,,,,,-0.194429,1.937600,1.515400,0.407925,2.652400,2.074500,1.308448,2.706800,2.050800,1.077178,2.277300,1.761200,,,,,,,-2.088866,5.847400,3.171900,-1.210996,5.141100,3.307100,-0.441815,5.211200,3.184700,-0.495534,5.061000,3.001900,,,,,,,-0.013686,-0.070742,-0.134630,-0.189577,-0.178796,3.393479,1,16.950000,
177,2026-09-27 04:49:20.984938,ridge,1.300000,2000,rf,500,25,17,12,sqrt,0,-1,lgbm,regression,gbdt,15,7,0.160000,350,12,0.900000,0.620000,0.090000,0.150000,0,-1,-1,0,cuda,672,72,48,True,28,128,688,5,4,6,10,163.631589,0.003367,0.200000,1900,12,0.038000,48,24,1,0.068000,0.068000,0.180000,0.000000,0.100000,-7.500000,0.400000,0.040000,0.080000,0.360000,0.100000,0.250000,0.500000,0.750000,0.900000,96,1,3600.000000,0.150000,0.110000,4,0.700000,cuda,60,24,66,0.018977,0.050446,0.053700,0.015586,0.016270,,,,,0.210583,1.834200,1.439600,0.407925,2.652400,2.074500,1.308448,2.706800,2.050800,1.077178,2.277300,1.761200,,,,,,,-1.749403,5.700200,3.077400,-1.210996,5.141100,3.307100,-0.441815,5.211200,3.184700,-0.495534,5.061000,3.001900,,,,,,,-0.013575,-0.036358,-0.065564,-0.110863,-0.124855,3.331396,9,13.890000,
178,2026-09-27 04:50:49.643943,ridge,1.300000,2000,rf,500,25,17,12,sqrt,0,-1,lgbm,regression,gbdt,15,7,0.160000,350,12,0.900000,0.620000,0.090000,0.150000,0,-1,-1,0,cuda,672,72,48,True,28,128,688,5,4,6,10,126.245012,0.003182,0.200000,1900,12,0.040000,48,24,1,0.066000,0.068000,0.176000,0.000000,0.098000,-7.300000,0.400000,0.040000,0.096000,0.320000,0.100000,0.250000,0.500000,0.750000,0.900000,96,1,3600.000000,0.150000,0.110000,4,0.700000,cuda,60,24,66,0.037264,0.050188,0.005807,-0.055497,-0.020009,,,,,-0.014594,1.891500,1.501600,0.407925,2.652400,2.074500,1.308448,2.706800,2.050800,1.077178,2.277300,1.761200,,,,,,,-1.923094,5.785800,3.112500,-1.210996,5.141100,3.307100,-0.441815,5.211200,3.184700,-0.495534,5.061000,3.001900,,,,,,,-0.007465,-0.037327,-0.095142,-0.154597,-0.147430,3.285709,1,15.410000,
179,2026-09-27 04:52:06.982317,ridge,1.300000,2000,rf,500,25,17,12,sqrt,0,-1,lgbm,regression,gbdt,15,7,0.160000,350,12,0.900000,0.620000,0.090000,0.150000,0,-1,-1,0,cuda,672,72,48,True,28,128,688,5,4,6,10,124.007525,0.004499,0.200000,1800,12,0.040000,48,24,1,0.066000,0.068000,0.180000,0.000000,0.098000,-7.600000,0.400000,0.040000,0.072000,0.360000,0.100000,0.250000,0.500000,0.750000,0.900000,96,1,3600.000000,0.150000,0.110000,4,0.700000,cuda,60,24,66,0.031328,0.036731,-0.025053,-0.086246,-0.056989,,,,,-0.153320,2.024000,1.619900,0.407925,2.652400,2.074500,1.308448,2.706800,2.050800,1.077178,2.277300,1.761200,,,,,,,-2.006236,5.855300,3.208200,-1.210996,5.141100,3.307100,-0.441815,5.211200,3.184700,-0.495534,5.061000,3.001900,,,,,,,-0.006832,-0.031590,-0.110304,-0.174117,-0.171942,3.348125,1,18.450000,
180,2026-09-27 04:53:18.723876,ridge,1.300000,2000,rf,500,25,17,12,sqrt,0,-1,lgbm,regression,gbdt,15,7,0.160000,350,12,0.900000,0.620000,0.090000,0.150000,0,-1,-1,0,cuda,672,72,48,True,28,128,688,5,4,6,10,109.664359,0.008439,0.200000,1900,12,0.038000,48,24,1,0.062000,0.072000,0.176000,0.000000,0.100000,-7.300000,0.400000,0.040000,0.096000,0.320000,0.100000,0.250000,0.500000,0.750000,0.900000,96,1,3600.000000,0.150000,0.110000,4,0.700000,cuda,60,24,66,0.057578,0.086172,0.010084,-0.046907,-0.034572,,,,,0.094942,2.110300,1.661200,0.407925,2.652400,2.074500,1.308448,2.706800,2.050800,1.077178,2.277300,1.761200,,,,,,,-1.836963,5.813000,3.234500,-1.210996,5.141100,3.307100,-0.441815,5.211200,3.184700,-0.495534,5.061000,3.001900,,,,,,,0.008404,0.006892,-0.075771,-0.149419,-0.164640,3.969615,1,20.400000,
181,2026-09-27 04:54:38.063918,ridge,1.300000,2000,rf,500,25,17,12,sqrt,0,-1,lgbm,regression,gbdt,15,7,0.160000,350,12,0.900000,0.620000,0.090000,0.150000,0,-1,-1,0,cuda,672,72,48,True,28,128,672,5,4,6,10,167.053653,0.003105,0.200000,1900,12,0.042000,48,24,1,0.068000,0.068000,0.196000,0.000000,0.096000,-7.400000,-0.100000,0.050000,0.096000,0.320000,0.100000,0.250000,0.500000,0.750000,0.900000,96,1,3600.000000,0.150000,0.110000,4,0.700000,cuda,60,24,66,0.025502,0.029910,-0.022103,-0.081011,-0.044711,,,,,-0.062614,2.170100,1.708100,0.407925,2.652400,2.074500,1.308448,2.706800,2.050800,1.077178,2.277300,1.761200,,,,,,,-2.049538,5.998700,3.314700,-1.210996,5.141100,3.307100,-0.441815,5.211200,3.184700,-0.495534,5.061000,3.001900,,,,,,,-0.018343,-0.048577,-0.109112,-0.179854,-0.166689,3.930188,1,17.960000,
182,2026-09-27 04:56:06.742239,ridge,1.300000,2000,rf,500,25,17,12,sqrt,0,-1,lgbm,regression,gbdt,15,7,0.160000,350,12,0.900000,0.620000,0.090000,0.150000,0,-1,-1,0,cuda,672,72,48,True,28,128,688,5,4,6,10,151.509695,0.003570,0.200000,1500,12,0.040000,48,24,1,0.068000,0.080000,0.188000,0.000000,0.094000,-7.300000,0.300000,0.040000,0.088000,0.320000,0.100000,0.250000,0.500000,0.750000,0.900000,96,1,3600.000000,0.150000,0.110000,4,0.700000,cuda,60,24,66,0.054666,0.084882,0.043635,-0.020287,0.000638,,,,,0.215660,1.991900,1.591600,0.407925,2.652400,2.074500,1.308448,2.706800,2.050800,1.077178,2.277300,1.761200,,,,,,,-1.844902,5.840200,3.195400,-1.210996,5.141100,3.307100,-0.441815,5.211200,3.184700,-0.495534,5.061000,3.001900,,,,,,,-0.002027,-0.017881,-0.073983,-0.138206,-0.141246,3.502667,1,16.950000,
183,2026-09-27 05:08:27.893016,ridge,1.300000,2000,rf,500,25,17,12,sqrt,0,-1,lgbm,regression,gbdt,15,7,0.160000,350,12,0.900000,0.620000,0.090000,0.150000,0,-1,-1,0,cuda,672,72,48,True,28,128,672,5,4,6,10,124.113456,0.004795,0.200000,1800,12,0.038000,48,24,1,0.072000,0.068000,0.168000,0.000000,0.098000,-5.400000,0.100000,0.050000,0.080000,0.360000,0.100000,0.250000,0.500000,0.750000,0.900000,96,1,3600.000000,0.150000,0.110000,4,0.700000,cuda,60,24,66,0.014294,0.021983,0.028592,-0.043294,-0.016469,,,,,0.087539,1.921800,1.519900,0.407925,2.652400,2.074500,1.308448,2.706800,2.050800,1.077178,2.277300,1.761200,,,,,,,-1.940028,5.743100,3.187000,-1.210996,5.141100,3.307100,-0.441815,5.211200,3.184700,-0.495534,5.061000,3.001900,,,,,,,-0.018716,-0.058598,-0.105536,-0.174937,-0.167918,3.310177,9,14.470000,
184,2026-09-27 05:19:36.308295,ridge,1.300000,2000,rf,500,25,17,12,sqrt,0,-1,lgbm,regression,gbdt,15,7,0.160000,350,12,0.900000,0.620000,0.090000,0.150000,0,-1,-1,0,cuda,672,72,48,True,28,128,688,5,4,6,9,124.105205,0.006491,0.200000,1900,12,0.038000,48,24,1,0.072000,0.072000,0.168000,0.000000,0.098000,-5.800000,0.000000,0.050000,0.080000,0.360000,0.100000,0.250000,0.500000,0.750000,0.900000,96,1,3600.000000,0.150000,0.110000,4,0.700000,cuda,60,24,66,0.043605,0.090375,0.031578,-0.012360,-0.024249,,,,,0.116749,2.003700,1.598800,0.407925,2.652400,2.074500,1.308448,2.706800,2.050800,1.077178,2.277300,1.761200,,,,,,,-1.838204,5.675600,3.170800,-1.210996,5.141100,3.307100,-0.441815,5.211200,3.184700,-0.495534,5.061000,3.001900,,,,,,,-0.002511,0.002347,-0.085457,-0.147109,-0.154955,3.553594,8,15.430000,
185,2026-09-27 05:31:43.306611,ridge,1.300000,2000,rf,500,25,17,12,sqrt,0,-1,lgbm,regression,gbdt,15,7,0.160000,350,12,0.900000,0.620000,0.090000,0.150000,0,-1,-1,0,cuda,672,72,48,True,28,128,688,5,4,6,9,122.215230,0.004747,0.200000,2000,12,0.038000,48,24,1,0.066000,0.068000,0.168000,0.000000,0.098000,-5.300000,-0.100000,0.050000,0.080000,0.360000,0.100000,0.250000,0.500000,0.750000,0.900000,96,1,3600.000000,0.150000,0.110000,4,0.700000,cuda,60,24,66,-0.006279,-0.014886,-0.052704,-0.094394,-0.063183,,,,,-0.271947,1.917200,1.503400,0.407925,2.652400,2.074500,1.308448,2.706800,2.050800,1.077178,2.277300,1.761200,,,,,,,-2.182101,5.844100,3.190800,-1.210996,5.141100,3.307100,-0.441815,5.211200,3.184700,-0.495534,5.061000,3.001900,,,,,,,-0.030636,-0.076442,-0.152176,-0.206303,-0.195075,3.267448,9,14.990000,
186,2026-09-27 05:38:29.764054,ridge,1.300000,2000,rf,500,25,17,12,sqrt,0,-1,lgbm,regression,gbdt,15,7,0.160000,350,12,0.900000,0.620000,0.090000,0.150000,0,-1,-1,0,cuda,672,72,48,True,28,128,688,5,4,6,9,117.634752,0.004740,0.200000,2000,12,0.038000,48,24,1,0.064000,0.068000,0.168000,0.000000,0.098000,-5.500000,-0.100000,0.050000,0.080000,0.360000,0.100000,0.250000,0.500000,0.750000,0.900000,96,1,3600.000000,0.150000,0.110000,4,0.700000,cuda,60,24,66,-0.004067,-0.011346,-0.047838,-0.127466,-0.082281,,,,,-0.262871,2.051100,1.628200,0.407925,2.652400,2.074500,1.308448,2.706800,2.050800,1.077178,2.277300,1.761200,,,,,,,-2.190179,5.909600,3.269600,-1.210996,5.141100,3.307100,-0.441815,5.211200,3.184700,-0.495534,5.061000,3.001900,,,,,,,-0.033281,-0.078751,-0.145545,-0.226755,-0.192877,3.294490,5,15.010000,
187,2026-09-27 05:39:52.870064,ridge,1.300000,2000,rf,500,25,17,12,sqrt,0,-1,lgbm,regression,gbdt,15,7,0.160000,350,12,0.900000,0.620000,0.090000,0.150000,0,-1,-1,0,cuda,672,72,48,True,28,128,688,5,4,6,9,119.327859,0.004721,0.200000,2000,12,0.038000,48,24,1,0.064000,0.068000,0.164000,0.000000,0.098000,-5.400000,-0.100000,0.050000,0.080000,0.360000,0.100000,0.250000,0.500000,0.750000,0.900000,96,1,3600.000000,0.150000,0.110000,4,0.700000,cuda,60,24,66,0.027862,0.028509,-0.006507,-0.070429,-0.084493,,,,,-0.019144,2.025700,1.594100,0.407925,2.652400,2.074500,1.308448,2.706800,2.050800,1.077178,2.277300,1.761200,,,,,,,-2.084154,5.972700,3.275200,-1.210996,5.141100,3.307100,-0.441815,5.211200,3.184700,-0.495534,5.061000,3.001900,,,,,,,-0.017561,-0.056735,-0.117456,-0.193600,-0.205133,3.783677,1,19.660000,
188,2026-09-27 05:52:13.273335,ridge,1.300000,2000,rf,500,25,17,12,sqrt,0,-1,lgbm,regression,gbdt,15,7,0.160000,350,12,0.900000,0.620000,0.090000,0.150000,0,-1,-1,0,cuda,672,72,48,True,28,128,688,5,4,6,9,109.063133,0.005846,0.200000,1900,12,0.038000,48,24,1,0.066000,0.064000,0.168000,0.000000,0.096000,-5.300000,-0.400000,0.050000,0.080000,0.360000,0.100000,0.250000,0.500000,0.750000,0.900000,96,1,3600.000000,0.150000,0.110000,4,0.700000,cuda,60,24,66,0.051974,0.100109,0.031800,-0.036288,-0.040287,,,,,0.190323,2.066600,1.649400,0.407925,2.652400,2.074500,1.308448,2.706800,2.050800,1.077178,2.277300,1.761200,,,,,,,-1.731670,5.743300,3.137700,-1.210996,5.141100,3.307100,-0.441815,5.211200,3.184700,-0.495534,5.061000,3.001900,,,,,,,0.003189,0.006705,-0.063143,-0.141186,-0.159201,3.636667,9,15.600000,
189,2026-09-27 05:53:41.631430,ridge,1.300000,2000,rf,500,25,17,12,sqrt,0,-1,lgbm,regression,gbdt,15,7,0.160000,350,12,0.900000,0.620000,0.090000,0.150000,0,-1,-1,0,cuda,672,72,48,True,28,128,688,5,4,6,9,124.971491,0.004988,0.200000,1900,12,0.038000,48,24,1,0.060000,0.068000,0.180000,0.000000,0.098000,-4.800000,-0.100000,0.050000,0.080000,0.360000,0.100000,0.250000,0.500000,0.750000,0.900000,96,1,3600.000000,0.150000,0.110000,4,0.700000,cuda,60,24,66,0.066611,0.083813,0.054105,-0.013614,-0.014737,,,,,0.290641,1.989200,1.574600,0.407925,2.652400,2.074500,1.308448,2.706800,2.050800,1.077178,2.277300,1.761200,,,,,,,-1.708050,5.726400,3.107500,-1.210996,5.141100,3.307100,-0.441815,5.211200,3.184700,-0.495534,5.061000,3.001900,,,,,,,0.004642,-0.007562,-0.054277,-0.126397,-0.143220,3.473979,1,18.050000,
190,2026-09-27 05:57:58.518703,ridge,1.300000,2000,rf,500,25,17,12,sqrt,0,-1,lgbm,regression,gbdt,15,7,0.160000,350,12,0.900000,0.620000,0.090000,0.150000,0,-1,-1,0,cuda,672,72,48,True,28,128,672,5,4,6,9,150.055494,0.009693,0.200000,2000,12,0.038000,48,24,1,0.064000,0.072000,0.160000,0.000000,0.096000,-5.700000,0.400000,0.070000,0.080000,0.360000,0.100000,0.250000,0.500000,0.750000,0.900000,96,1,3600.000000,0.150000,0.110000,4,0.700000,cuda,60,24,66,0.043421,0.051552,0.001714,-0.025375,-0.020156,,,,,0.038211,1.980200,1.557400,0.407925,2.652400,2.074500,1.308448,2.706800,2.050800,1.077178,2.277300,1.761200,,,,,,,-1.902300,5.799700,3.147800,-1.210996,5.141100,3.307100,-0.441815,5.211200,3.184700,-0.495534,5.061000,3.001900,,,,,,,-0.003889,-0.029839,-0.089592,-0.131799,-0.148100,3.690114,3,15.270000,
191,2026-09-27 05:59:12.205134,ridge,1.300000,2000,rf,500,25,17,12,sqrt,0,-1,lgbm,regression,gbdt,15,7,0.160000,350,12,0.900000,0.620000,0.090000,0.150000,0,-1,-1,0,cuda,672,72,48,True,28,128,672,5,4,6,9,148.032350,0.011813,0.000000,2000,12,0.038000,48,24,1,0.066000,0.072000,0.160000,0.000000,0.098000,-5.500000,0.400000,0.070000,0.080000,0.360000,0.100000,0.250000,0.500000,0.750000,0.900000,96,1,3600.000000,0.150000,0.110000,4,0.700000,cuda,60,24,66,0.070003,0.101510,0.055875,-0.026371,-0.011824,,,,,0.254539,1.881600,1.492800,0.407925,2.652400,2.074500,1.308448,2.706800,2.050800,1.077178,2.277300,1.761200,,,,,,,-1.731627,5.650000,3.063700,-1.210996,5.141100,3.307100,-0.441815,5.211200,3.184700,-0.495534,5.061000,3.001900,,,,,,,0.016488,0.000820,-0.064893,-0.153032,-0.152347,3.245417,1,19.190000,
192,2026-09-27 06:00:32.392522,ridge,1.300000,2000,rf,500,25,17,12,sqrt,0,-1,lgbm,regression,gbdt,15,7,0.160000,350,12,0.900000,0.620000,0.090000,0.150000,0,-1,-1,0,cuda,672,72,48,True,28,128,688,5,4,6,9,114.709448,0.009536,0.200000,2100,12,0.038000,48,24,1,0.064000,0.068000,0.176000,0.000000,0.096000,-5.900000,0.000000,0.070000,0.080000,0.360000,0.100000,0.250000,0.500000,0.750000,0.900000,96,1,3600.000000,0.150000,0.110000,4,0.700000,cuda,60,24,66,0.033355,0.028472,-0.017752,-0.070355,-0.056952,,,,,-0.105334,1.992400,1.579800,0.407925,2.652400,2.074500,1.308448,2.706800,2.050800,1.077178,2.277300,1.761200,,,,,,,-2.038340,5.825200,3.150900,-1.210996,5.141100,3.307100,-0.441815,5.211200,3.184700,-0.495534,5.061000,3.001900,,,,,,,-0.017412,-0.055059,-0.120921,-0.180599,-0.177529,3.414802,1,17.430000,
193,2026-09-27 06:01:51.447098,ridge,1.300000,2000,rf,500,25,17,12,sqrt,0,-1,lgbm,regression,gbdt,15,7,0.160000,350,12,0.900000,0.620000,0.090000,0.150000,0,-1,-1,0,cuda,672,72,48,True,28,128,672,5,4,6,9,127.329504,0.005968,0.200000,2000,12,0.040000,48,24,1,0.062000,0.072000,0.168000,0.000000,0.100000,-5.900000,0.300000,0.050000,0.080000,0.360000,0.100000,0.250000,0.500000,0.750000,0.900000,96,1,3600.000000,0.150000,0.110000,4,0.700000,cuda,60,24,66,0.006035,0.019919,-0.018453,-0.066705,-0.042499,,,,,-0.111714,2.069300,1.627100,0.407925,2.652400,2.074500,1.308448,2.706800,2.050800,1.077178,2.277300,1.761200,,,,,,,-2.059277,5.825500,3.215600,-1.210996,5.141100,3.307100,-0.441815,5.211200,3.184700,-0.495534,5.061000,3.001900,,,,,,,-0.029221,-0.067166,-0.128669,-0.173186,-0.168254,3.554479,1,14.880000,
194,2026-09-27 06:03:19.194022,ridge,1.300000,2000,rf,500,25,17,12,sqrt,0,-1,lgbm,regression,gbdt,15,7,0.160000,350,12,0.900000,0.620000,0.090000,0.150000,0,-1,-1,0,cuda,672,72,48,True,28,128,672,5,4,6,9,124.428477,0.006110,0.200000,1900,12,0.040000,48,24,1,0.062000,0.072000,0.168000,0.000000,0.100000,-5.600000,-0.200000,0.050000,0.080000,0.360000,0.100000,0.250000,0.500000,0.750000,0.900000,96,1,3600.000000,0.150000,0.110000,4,0.700000,cuda,60,24,66,0.044047,0.080163,0.035634,-0.005392,0.006058,,,,,0.177237,1.937100,1.528700,0.407925,2.652400,2.074500,1.308448,2.706800,2.050800,1.077178,2.277300,1.761200,,,,,,,-1.825590,5.742200,3.105900,-1.210996,5.141100,3.307100,-0.441815,5.211200,3.184700,-0.495534,5.061000,3.001900,,,,,,,-0.011675,-0.022500,-0.079757,-0.126471,-0.134317,3.550260,1,15.370000,
195,2026-09-27 06:04:35.688305,ridge,1.300000,2000,rf,500,25,17,12,sqrt,0,-1,lgbm,regression,gbdt,15,7,0.160000,350,12,0.900000,0.620000,0.090000,0.150000,0,-1,-1,0,cuda,672,72,48,True,28,128,672,5,4,6,9,101.374807,0.005634,0.200000,1700,12,0.040000,48,24,1,0.062000,0.068000,0.160000,0.000000,0.100000,-5.600000,0.400000,0.040000,0.080000,0.360000,0.100000,0.250000,0.500000,0.750000,0.900000,96,1,3600.000000,0.150000,0.110000,4,0.700000,cuda,60,24,66,0.021078,-0.001760,-0.052557,-0.079425,-0.041983,,,,,-0.225450,2.017800,1.590500,0.407925,2.652400,2.074500,1.308448,2.706800,2.050800,1.077178,2.277300,1.761200,,,,,,,-2.243133,5.899600,3.265700,-1.210996,5.141100,3.307100,-0.441815,5.211200,3.184700,-0.495534,5.061000,3.001900,,,,,,,-0.023260,-0.079757,-0.159365,-0.198629,-0.180063,3.533844,1,15.950000,
196,2026-09-27 06:17:04.016124,ridge,1.300000,2000,rf,500,25,17,12,sqrt,0,-1,lgbm,regression,gbdt,15,7,0.160000,350,12,0.900000,0.620000,0.090000,0.150000,0,-1,-1,0,cuda,672,72,48,True,28,128,672,5,4,6,9,148.367015,0.004269,0.200000,2100,12,0.040000,48,24,1,0.062000,0.072000,0.180000,0.000000,0.100000,-5.200000,0.300000,0.040000,0.072000,0.320000,0.100000,0.250000,0.500000,0.750000,0.900000,96,1,3600.000000,0.150000,0.110000,4,0.700000,cuda,60,24,66,0.053560,0.062760,0.017900,-0.007420,-0.002090,,,,,0.090178,2.026300,1.604500,0.407925,2.652400,2.074500,1.308448,2.706800,2.050800,1.077178,2.277300,1.761200,,,,,,,-1.945943,5.962900,3.295000,-1.210996,5.141100,3.307100,-0.441815,5.211200,3.184700,-0.495534,5.061000,3.001900,,,,,,,0.004344,-0.025779,-0.085568,-0.133885,-0.141208,3.624115,9,14.180000,
197,2026-09-27 06:29:43.621428,ridge,1.300000,2000,rf,500,25,17,12,sqrt,0,-1,lgbm,regression,gbdt,15,7,0.160000,350,12,0.900000,0.620000,0.090000,0.150000,0,-1,-1,0,cuda,672,72,48,True,28,128,672,5,4,6,9,149.379690,0.004607,0.200000,2100,12,0.040000,48,24,1,0.058000,0.072000,0.180000,0.000000,0.100000,-5.200000,0.300000,0.050000,0.072000,0.360000,0.100000,0.250000,0.500000,0.750000,0.900000,96,1,3600.000000,0.150000,0.110000,4,0.700000,cuda,60,24,66,0.032802,0.032233,0.018158,0.001060,0.002481,,,,,0.107797,2.040800,1.610600,0.407925,2.652400,2.074500,1.308448,2.706800,2.050800,1.077178,2.277300,1.761200,,,,,,,-1.844843,5.765300,3.157700,-1.210996,5.141100,3.307100,-0.441815,5.211200,3.184700,-0.495534,5.061000,3.001900,,,,,,,-0.013202,-0.050142,-0.078304,-0.114737,-0.133348,3.765750,9,14.450000,
198,2026-09-27 06:41:57.337532,ridge,1.300000,2000,rf,500,25,17,12,sqrt,0,-1,lgbm,regression,gbdt,15,7,0.160000,350,12,0.900000,0.620000,0.090000,0.150000,0,-1,-1,0,cuda,672,72,48,True,28,128,672,5,4,6,9,145.403986,0.004393,0.200000,2100,12,0.038000,48,24,1,0.056000,0.072000,0.180000,0.000000,0.100000,-5.000000,0.300000,0.050000,0.072000,0.360000,0.100000,0.250000,0.500000,0.750000,0.900000,96,1,3600.000000,0.150000,0.110000,4,0.700000,cuda,60,24,66,0.032692,0.058447,0.016462,-0.041450,-0.024912,,,,,0.056958,1.936100,1.528200,0.407925,2.652400,2.074500,1.308448,2.706800,2.050800,1.077178,2.277300,1.761200,,,,,,,-1.853469,5.673100,3.096900,-1.210996,5.141100,3.307100,-0.441815,5.211200,3.184700,-0.495534,5.061000,3.001900,,,,,,,-0.012308,-0.027269,-0.090709,-0.151430,-0.154545,3.430990,9,14.950000,
199,2026-09-27 06:43:14.117977,ridge,1.300000,2000,rf,500,25,17,12,sqrt,0,-1,lgbm,regression,gbdt,15,7,0.160000,350,12,0.900000,0.620000,0.090000,0.150000,0,-1,-1,0,cuda,672,72,48,True,28,128,672,5,4,6,9,147.171937,0.003734,0.200000,2100,12,0.038000,48,24,1,0.058000,0.072000,0.180000,0.000000,0.100000,-5.100000,0.300000,0.060000,0.072000,0.360000,0.100000,0.250000,0.500000,0.750000,0.900000,96,1,3600.000000,0.150000,0.110000,4,0.700000,cuda,60,24,66,0.014663,-0.027090,-0.063507,-0.103574,-0.039291,,,,,-0.314051,2.125200,1.672600,0.407925,2.652400,2.074500,1.308448,2.706800,2.050800,1.077178,2.277300,1.761200,,,,,,,-2.304468,5.970400,3.314200,-1.210996,5.141100,3.307100,-0.441815,5.211200,3.184700,-0.495534,5.061000,3.001900,,,,,,,-0.031009,-0.102705,-0.164096,-0.207160,-0.174437,3.673980,1,17.070000,
200,2026-09-27 06:44:41.960357,ridge,1.300000,2000,rf,500,25,17,12,sqrt,0,-1,lgbm,regression,gbdt,15,7,0.160000,350,12,0.900000,0.620000,0.090000,0.150000,0,-1,-1,0,cuda,672,72,48,True,28,128,672,5,4,6,9,142.179937,0.008648,0.180000,2100,12,0.038000,48,24,1,0.060000,0.072000,0.188000,0.000000,0.092000,-5.200000,0.300000,0.050000,0.072000,0.360000,0.100000,0.250000,0.500000,0.750000,0.900000,96,1,3600.000000,0.150000,0.110000,4,0.700000,cuda,60,24,66,0.061855,0.093583,0.065719,0.015808,0.006316,,,,,0.318248,1.987800,1.582700,0.407925,2.652400,2.074500,1.308448,2.706800,2.050800,1.077178,2.277300,1.761200,,,,,,,-1.581005,5.657300,3.082800,-1.210996,5.141100,3.307100,-0.441815,5.211200,3.184700,-0.495534,5.061000,3.001900,,,,,,,0.014402,0.004023,-0.033751,-0.090262,-0.122918,3.531448,1,17.340000,
201,2026-09-27 06:56:16.362110,ridge,1.300000,2000,rf,500,25,17,12,sqrt,0,-1,lgbm,regression,gbdt,15,7,0.160000,350,12,0.900000,0.620000,0.090000,0.150000,0,-1,-1,0,cuda,672,72,48,True,28,128,656,5,4,6,9,156.733417,0.004447,0.200000,2000,12,0.040000,48,24,1,0.058000,0.076000,0.180000,0.000000,0.100000,-5.000000,0.300000,0.040000,0.072000,0.360000,0.100000,0.250000,0.500000,0.750000,0.900000,96,1,3600.000000,0.150000,0.110000,4,0.700000,cuda,60,24,66,0.048730,0.063461,0.039653,0.013374,0.004952,,,,,0.211794,1.940100,1.523000,0.407925,2.652400,2.074500,1.308448,2.706800,2.050800,1.077178,2.277300,1.761200,,,,,,,-1.747333,5.775900,3.081400,-1.210996,5.141100,3.307100,-0.441815,5.211200,3.184700,-0.495534,5.061000,3.001900,,,,,,,-0.000350,-0.024996,-0.063254,-0.098234,-0.126457,3.604739,9,13.120000,
202,2026-09-27 07:07:03.625424,ridge,1.300000,2000,rf,500,25,17,12,sqrt,0,-1,lgbm,regression,gbdt,15,7,0.160000,350,12,0.900000,0.620000,0.090000,0.150000,0,-1,-1,0,cuda,672,72,48,True,28,128,656,5,4,6,9,154.637814,0.004673,0.200000,2000,12,0.040000,48,24,1,0.056000,0.072000,0.180000,0.000000,0.100000,-4.900000,0.300000,0.050000,0.072000,0.360000,0.100000,0.250000,0.500000,0.750000,0.900000,96,1,3600.000000,0.150000,0.110000,4,0.700000,cuda,60,24,66,0.034240,0.037579,-0.003300,-0.064198,-0.049246,,,,,-0.049970,1.934800,1.504600,0.407925,2.652400,2.074500,1.308448,2.706800,2.050800,1.077178,2.277300,1.761200,,,,,,,-1.965058,5.752700,3.113200,-1.210996,5.141100,3.307100,-0.441815,5.211200,3.184700,-0.495534,5.061000,3.001900,,,,,,,-0.005677,-0.043548,-0.111757,-0.177768,-0.181068,3.775114,8,15.200000,
203,2026-09-27 07:08:09.380661,ridge,1.300000,2000,rf,500,25,17,12,sqrt,0,-1,lgbm,regression,gbdt,15,7,0.160000,350,12,0.900000,0.620000,0.090000,0.150000,0,-1,-1,0,cuda,672,72,48,True,28,128,656,5,4,6,9,113.496590,0.004382,0.200000,2000,12,0.040000,48,24,1,0.056000,0.068000,0.180000,0.000000,0.100000,-5.000000,0.300000,0.050000,0.072000,0.360000,0.100000,0.250000,0.500000,0.750000,0.900000,96,1,3600.000000,0.150000,0.110000,4,0.700000,cuda,60,24,66,0.055993,0.093104,0.048759,0.005411,0.004398,,,,,0.283355,2.024100,1.608500,0.407925,2.652400,2.074500,1.308448,2.706800,2.050800,1.077178,2.277300,1.761200,,,,,,,-1.485427,5.561400,3.067000,-1.210996,5.141100,3.307100,-0.441815,5.211200,3.184700,-0.495534,5.061000,3.001900,,,,,,,0.009671,0.017322,-0.019408,-0.086053,-0.116324,3.601823,1,16.960000,
204,2026-09-27 07:09:33.706494,ridge,1.300000,2000,rf,500,25,17,12,sqrt,0,-1,lgbm,regression,gbdt,15,7,0.160000,350,12,0.900000,0.620000,0.090000,0.150000,0,-1,-1,0,cuda,672,72,48,True,28,128,656,5,4,6,9,138.885054,0.005192,0.200000,2100,12,0.040000,48,24,1,0.058000,0.076000,0.184000,0.000000,0.100000,-4.900000,0.000000,0.050000,0.072000,0.360000,0.100000,0.250000,0.500000,0.750000,0.900000,96,1,3600.000000,0.150000,0.110000,4,0.700000,cuda,60,24,66,0.013999,-0.000654,-0.024168,-0.085435,-0.056620,,,,,-0.135550,1.907900,1.507600,0.407925,2.652400,2.074500,1.308448,2.706800,2.050800,1.077178,2.277300,1.761200,,,,,,,-2.229196,5.934300,3.269000,-1.210996,5.141100,3.307100,-0.441815,5.211200,3.184700,-0.495534,5.061000,3.001900,,,,,,,-0.023149,-0.077336,-0.144017,-0.220310,-0.203755,3.210917,1,15.830000,
205,2026-09-27 07:11:01.132303,ridge,1.300000,2000,rf,500,25,17,12,sqrt,0,-1,lgbm,regression,gbdt,15,7,0.160000,350,12,0.900000,0.620000,0.090000,0.150000,0,-1,-1,0,cuda,672,72,48,True,28,128,672,5,4,6,9,182.411864,0.002557,0.200000,1600,12,0.040000,48,24,1,0.056000,0.064000,0.176000,0.000000,0.100000,-4.700000,0.200000,0.050000,0.072000,0.360000,0.100000,0.250000,0.500000,0.750000,0.900000,96,1,3600.000000,0.150000,0.110000,4,0.700000,cuda,60,24,66,0.051790,0.074595,0.037035,-0.013725,-0.007879,,,,,0.208615,1.994600,1.590700,0.407925,2.652400,2.074500,1.308448,2.706800,2.050800,1.077178,2.277300,1.761200,,,,,,,-1.727101,5.731400,3.131800,-1.210996,5.141100,3.307100,-0.441815,5.211200,3.184700,-0.495534,5.061000,3.001900,,,,,,,-0.000909,-0.012889,-0.059417,-0.124870,-0.138377,3.480625,1,16.030000,
206,2026-09-27 07:12:25.319230,ridge,1.300000,2000,rf,500,25,17,12,sqrt,0,-1,lgbm,regression,gbdt,15,7,0.160000,350,12,0.900000,0.620000,0.090000,0.150000,0,-1,-1,0,cuda,672,72,48,True,28,128,656,5,4,6,9,156.431477,0.004044,0.200000,2100,12,0.038000,48,24,1,0.052000,0.072000,0.188000,0.000000,0.098000,-5.000000,0.400000,0.040000,0.072000,0.360000,0.100000,0.250000,0.500000,0.750000,0.900000,96,1,3600.000000,0.150000,0.110000,4,0.700000,cuda,60,24,66,0.001906,-0.031256,-0.112653,-0.149513,-0.084161,,,,,-0.575190,2.027700,1.572900,0.407925,2.652400,2.074500,1.308448,2.706800,2.050800,1.077178,2.277300,1.761200,,,,,,,-2.689130,6.248300,3.440300,-1.210996,5.141100,3.307100,-0.441815,5.211200,3.184700,-0.495534,5.061000,3.001900,,,,,,,-0.031605,-0.107920,-0.226606,-0.277082,-0.221152,3.638709,1,22.720000,
207,2026-09-27 07:24:39.716667,ridge,1.300000,2000,rf,500,25,17,12,sqrt,0,-1,lgbm,regression,gbdt,15,7,0.160000,350,12,0.900000,0.620000,0.090000,0.150000,0,-1,-1,0,cuda,672,72,48,True,28,128,672,5,4,6,9,132.445704,0.006386,0.200000,2000,12,0.038000,48,24,1,0.060000,0.076000,0.176000,0.000000,0.100000,-5.300000,0.300000,0.060000,0.072000,0.360000,0.100000,0.250000,0.500000,0.750000,0.900000,96,1,3600.000000,0.150000,0.110000,4,0.700000,cuda,60,24,66,0.055440,0.075480,0.046437,-0.005355,-0.007068,,,,,0.234430,2.034100,1.617300,0.407925,2.652400,2.074500,1.308448,2.706800,2.050800,1.077178,2.277300,1.761200,,,,,,,-1.740715,5.757400,3.128100,-1.210996,5.141100,3.307100,-0.441815,5.211200,3.184700,-0.495534,5.061000,3.001900,,,,,,,-0.002585,-0.021495,-0.062174,-0.115631,-0.126904,3.639375,9,14.710000,
208,2026-09-27 07:26:07.216719,ridge,1.300000,2000,rf,500,25,17,12,sqrt,0,-1,lgbm,regression,gbdt,15,7,0.160000,350,12,0.900000,0.620000,0.090000,0.150000,0,-1,-1,0,cuda,672,72,48,True,28,128,672,5,4,6,10,131.425859,0.006240,0.200000,1700,12,0.038000,48,24,1,0.060000,0.076000,0.168000,0.000000,0.098000,-5.300000,0.100000,0.060000,0.072000,0.360000,0.100000,0.250000,0.500000,0.750000,0.900000,96,1,3600.000000,0.150000,0.110000,4,0.700000,cuda,60,24,66,0.045854,0.076918,0.057755,0.017024,0.015349,,,,,0.273257,1.975200,1.575700,0.407925,2.652400,2.074500,1.308448,2.706800,2.050800,1.077178,2.277300,1.761200,,,,,,,-1.651690,5.723900,3.107200,-1.210996,5.141100,3.307100,-0.441815,5.211200,3.184700,-0.495534,5.061000,3.001900,,,,,,,-0.004634,-0.010319,-0.046491,-0.089256,-0.108650,3.390615,1,14.840000,
209,2026-09-27 07:27:29.403995,ridge,1.300000,2000,rf,500,25,17,12,sqrt,0,-1,lgbm,regression,gbdt,15,7,0.160000,350,12,0.900000,0.620000,0.090000,0.150000,0,-1,-1,0,cuda,672,72,48,True,28,128,672,5,4,6,10,131.355506,0.006500,0.180000,1700,12,0.038000,48,24,1,0.060000,0.076000,0.176000,0.000000,0.096000,-5.200000,0.100000,0.060000,0.072000,0.360000,0.100000,0.250000,0.500000,0.750000,0.900000,96,1,3600.000000,0.150000,0.110000,4,0.700000,cuda,60,24,66,0.034904,0.025191,-0.028260,-0.074300,-0.052675,,,,,-0.161931,1.899900,1.504800,0.407925,2.652400,2.074500,1.308448,2.706800,2.050800,1.077178,2.277300,1.761200,,,,,,,-2.064982,5.773500,3.160000,-1.210996,5.141100,3.307100,-0.441815,5.211200,3.184700,-0.495534,5.061000,3.001900,,,,,,,-0.005007,-0.048838,-0.132953,-0.192557,-0.183453,3.190177,1,16.930000,
210,2026-09-27 07:40:22.975755,ridge,1.300000,2000,rf,500,25,17,12,sqrt,0,-1,lgbm,regression,gbdt,15,7,0.160000,350,12,0.900000,0.620000,0.090000,0.150000,0,-1,-1,0,cuda,672,72,48,True,28,128,672,5,4,6,10,109.091055,0.008130,0.200000,1700,12,0.038000,48,24,1,0.062000,0.080000,0.164000,0.000000,0.100000,-5.300000,0.200000,0.060000,0.072000,0.320000,0.100000,0.250000,0.500000,0.750000,0.900000,96,1,3600.000000,0.150000,0.110000,4,0.700000,cuda,60,24,66,-0.013763,-0.027090,-0.034049,-0.057599,-0.018423,,,,,-0.207335,1.975000,1.565200,0.407925,2.652400,2.074500,1.308448,2.706800,2.050800,1.077178,2.277300,1.761200,,,,,,,-2.090001,5.806800,3.181800,-1.210996,5.141100,3.307100,-0.441815,5.211200,3.184700,-0.495534,5.061000,3.001900,,,,,,,-0.035665,-0.088958,-0.133251,-0.164953,-0.148957,3.249354,9,13.840000,
211,2026-09-27 07:41:50.547038,ridge,1.300000,2000,rf,500,25,17,12,sqrt,0,-1,lgbm,regression,gbdt,15,7,0.160000,350,12,0.900000,0.620000,0.090000,0.150000,0,-1,-1,0,cuda,672,72,48,True,28,128,672,5,4,6,10,109.555829,0.008166,0.200000,1700,12,0.038000,48,24,1,0.062000,0.080000,0.164000,0.000000,0.100000,-5.300000,0.200000,0.060000,0.072000,0.320000,0.100000,0.250000,0.500000,0.750000,0.900000,96,1,3600.000000,0.150000,0.110000,4,0.700000,cuda,60,24,66,0.049430,0.057083,-0.010047,-0.059921,-0.029226,,,,,-0.026843,2.040000,1.628400,0.407925,2.652400,2.074500,1.308448,2.706800,2.050800,1.077178,2.277300,1.761200,,,,,,,-2.020939,5.893400,3.258200,-1.210996,5.141100,3.307100,-0.441815,5.211200,3.184700,-0.495534,5.061000,3.001900,,,,,,,0.001810,-0.029429,-0.106243,-0.167225,-0.161995,3.416875,1,17.460000,
212,2026-09-27 07:47:34.765165,ridge,1.300000,2000,rf,500,25,17,12,sqrt,0,-1,lgbm,regression,gbdt,15,7,0.160000,350,12,0.900000,0.620000,0.090000,0.150000,0,-1,-1,0,cuda,672,72,48,True,28,128,672,5,4,6,10,131.069717,0.006120,0.200000,1600,12,0.038000,48,24,1,0.060000,0.076000,0.168000,0.000000,0.098000,-5.200000,0.300000,0.060000,0.072000,0.360000,0.100000,0.250000,0.500000,0.750000,0.900000,96,1,3600.000000,0.150000,0.110000,4,0.700000,cuda,60,24,66,0.059127,0.067996,0.035265,-0.026924,-0.049062,,,,,0.188732,2.080600,1.640800,0.407925,2.652400,2.074500,1.308448,2.706800,2.050800,1.077178,2.277300,1.761200,,,,,,,-1.927383,5.751900,3.177100,-1.210996,5.141100,3.307100,-0.441815,5.211200,3.184700,-0.495534,5.061000,3.001900,,,,,,,-0.004858,-0.042803,-0.095142,-0.160408,-0.186135,3.872854,5,15.720000,
213,2026-09-27 07:52:41.573383,ridge,1.300000,2000,rf,500,25,17,12,sqrt,0,-1,lgbm,regression,gbdt,15,7,0.160000,350,12,0.900000,0.620000,0.090000,0.150000,0,-1,-1,0,cuda,672,72,48,True,28,128,656,5,4,6,10,114.328708,0.012880,0.200000,1800,12,0.040000,48,24,1,0.056000,0.080000,0.176000,0.000000,0.100000,-5.300000,0.100000,0.060000,0.072000,0.360000,0.100000,0.250000,0.500000,0.750000,0.900000,96,1,3600.000000,0.150000,0.110000,4,0.700000,cuda,60,24,66,0.022147,0.019771,-0.024573,-0.096053,-0.072142,,,,,-0.143699,2.212400,1.756400,0.407925,2.652400,2.074500,1.308448,2.706800,2.050800,1.077178,2.277300,1.761200,,,,,,,-2.132268,5.913000,3.280100,-1.210996,5.141100,3.307100,-0.441815,5.211200,3.184700,-0.495534,5.061000,3.001900,,,,,,,-0.027321,-0.064484,-0.126471,-0.191179,-0.183192,3.849260,5,16.950000,
214,2026-09-27 07:53:51.066726,ridge,1.300000,2000,rf,500,25,17,12,sqrt,0,-1,lgbm,regression,gbdt,15,7,0.160000,350,12,0.900000,0.620000,0.090000,0.150000,0,-1,-1,0,cuda,672,72,48,True,28,128,656,5,4,6,10,137.339521,0.006588,0.200000,1900,12,0.038000,48,24,1,0.058000,0.076000,0.180000,0.000000,0.098000,-5.100000,0.400000,0.060000,0.072000,0.360000,0.100000,0.250000,0.500000,0.750000,0.900000,96,1,3600.000000,0.150000,0.110000,4,0.700000,cuda,60,24,66,0.050389,0.090007,0.035966,-0.007125,-0.018239,,,,,0.167678,1.977000,1.566600,0.407925,2.652400,2.074500,1.308448,2.706800,2.050800,1.077178,2.277300,1.761200,,,,,,,-1.764386,5.780600,3.122000,-1.210996,5.141100,3.307100,-0.441815,5.211200,3.184700,-0.495534,5.061000,3.001900,,,,,,,-0.004336,-0.004955,-0.060870,-0.110378,-0.144226,3.378698,1,16.840000,
215,2026-09-27 08:21:11.386221,ridge,1.300000,2000,rf,500,25,17,12,sqrt,0,-1,lgbm,regression,gbdt,15,7,0.160000,350,12,0.900000,0.620000,0.090000,0.150000,0,-1,-1,0,cuda,672,72,48,True,30,128,688,5,4,6,10,79.911330,0.005472,0.200000,2100,13,0.040000,48,24,1,0.062000,0.080000,0.184000,0.000000,0.106000,-5.400000,0.200000,0.040000,0.072000,0.320000,0.100000,0.250000,0.500000,0.750000,0.900000,96,1,3600.000000,0.150000,0.110000,4,0.700000,cuda,60,24,66,-0.005578,-0.024029,-0.041717,-0.019218,0.002997,,,,,-0.187328,1.931400,1.510200,0.407925,2.652400,2.074500,1.308448,2.706800,2.050800,1.077178,2.277300,1.761200,,,,,,,-2.183351,5.952500,3.237500,-1.210996,5.141100,3.307100,-0.441815,5.211200,3.184700,-0.495534,5.061000,3.001900,,,,,,,-0.031642,-0.089182,-0.147556,-0.140441,-0.135323,3.432948,9,12.890000,
216,2026-09-27 08:31:43.605931,ridge,1.300000,2000,rf,500,25,17,12,sqrt,0,-1,lgbm,regression,gbdt,15,7,0.160000,350,12,0.900000,0.620000,0.090000,0.150000,0,-1,-1,0,cuda,672,72,48,True,30,128,672,5,4,6,10,76.202799,0.007523,0.200000,1600,13,0.040000,48,24,1,0.058000,0.080000,0.184000,0.000000,0.106000,-5.500000,0.200000,0.040000,0.072000,0.320000,0.100000,0.250000,0.500000,0.750000,0.900000,96,1,3600.000000,0.150000,0.110000,4,0.700000,cuda,60,24,66,-0.009413,0.005134,-0.046768,-0.084439,-0.062519,,,,,-0.267344,2.080300,1.650100,0.407925,2.652400,2.074500,1.308448,2.706800,2.050800,1.077178,2.277300,1.761200,,,,,,,-2.287662,5.979500,3.311700,-1.210996,5.141100,3.307100,-0.441815,5.211200,3.184700,-0.495534,5.061000,3.001900,,,,,,,-0.040955,-0.080428,-0.154150,-0.200380,-0.196230,3.489511,9,12.390000,
217,2026-09-27 08:32:57.422723,ridge,1.300000,2000,rf,500,25,17,12,sqrt,0,-1,lgbm,regression,gbdt,15,7,0.160000,350,12,0.900000,0.620000,0.090000,0.150000,0,-1,-1,0,cuda,672,72,48,True,30,128,656,5,4,6,10,80.036412,0.007275,0.200000,1600,13,0.042000,48,24,1,0.062000,0.080000,0.184000,0.000000,0.106000,-5.400000,0.100000,0.040000,0.072000,0.320000,0.100000,0.250000,0.500000,0.750000,0.900000,96,1,3600.000000,0.150000,0.110000,4,0.700000,cuda,60,24,66,0.011750,0.016858,-0.032021,-0.075923,-0.043458,,,,,-0.228404,2.248600,1.788800,0.407925,2.652400,2.074500,1.308448,2.706800,2.050800,1.077178,2.277300,1.761200,,,,,,,-2.201411,5.916900,3.343000,-1.210996,5.141100,3.307100,-0.441815,5.211200,3.184700,-0.495534,5.061000,3.001900,,,,,,,-0.035777,-0.067762,-0.136269,-0.184026,-0.167062,3.873563,1,16.360000,
218,2026-09-27 08:46:52.957096,ridge,1.300000,2000,rf,500,25,17,12,sqrt,0,-1,lgbm,regression,gbdt,15,7,0.160000,350,12,0.900000,0.620000,0.090000,0.150000,0,-1,-1,0,cuda,672,72,48,True,30,32,688,5,4,6,10,88.424943,0.008619,0.200000,1700,13,0.040000,48,24,1,0.058000,0.080000,0.184000,0.000000,0.104000,-5.500000,0.200000,0.040000,0.072000,0.320000,0.100000,0.250000,0.500000,0.750000,0.900000,96,1,3600.000000,0.150000,0.110000,4,0.700000,cuda,60,24,66,0.039697,0.072236,0.003226,-0.053543,-0.020009,,,,,0.006656,1.911500,1.495800,0.407925,2.652400,2.074500,1.308448,2.706800,2.050800,1.077178,2.277300,1.761200,,,,,,,-2.078351,5.882500,3.133300,-1.210996,5.141100,3.307100,-0.441815,5.211200,3.184700,-0.495534,5.061000,3.001900,,,,,,,-0.013873,-0.039078,-0.125652,-0.174639,-0.161064,3.725198,8,15.610000,
219,2026-09-27 08:57:44.127065,ridge,1.300000,2000,rf,500,25,17,12,sqrt,0,-1,lgbm,regression,gbdt,15,7,0.160000,350,12,0.900000,0.620000,0.090000,0.150000,0,-1,-1,0,cuda,672,72,48,True,30,128,672,5,4,6,10,91.128211,0.005454,0.200000,1500,13,0.040000,48,24,1,0.060000,0.076000,0.188000,0.000000,0.104000,-5.200000,0.600000,0.040000,0.072000,0.320000,0.100000,0.250000,0.500000,0.750000,0.900000,96,1,3600.000000,0.150000,0.110000,4,0.700000,cuda,60,24,66,0.005372,0.024195,-0.005143,-0.041819,-0.018792,,,,,-0.073545,1.914100,1.517200,0.407925,2.652400,2.074500,1.308448,2.706800,2.050800,1.077178,2.277300,1.761200,,,,,,,-2.045644,5.821400,3.169400,-1.210996,5.141100,3.307100,-0.441815,5.211200,3.184700,-0.495534,5.061000,3.001900,,,,,,,-0.032350,-0.066309,-0.124236,-0.164841,-0.157003,3.195760,9,11.910000,
220,2026-09-27 09:04:37.389314,ridge,1.300000,2000,rf,500,25,17,12,sqrt,0,-1,lgbm,regression,gbdt,15,7,0.160000,350,12,0.900000,0.620000,0.090000,0.150000,0,-1,-1,0,cuda,672,72,48,True,30,128,400,5,4,6,10,57.313817,0.011285,0.180000,1500,13,0.040000,48,24,1,0.060000,0.080000,0.188000,0.000000,0.104000,-5.200000,0.600000,0.040000,0.072000,0.320000,0.100000,0.250000,0.500000,0.750000,0.900000,96,1,3600.000000,0.150000,0.110000,4,0.700000,cuda,60,24,66,0.046850,0.044473,-0.003668,-0.042298,-0.014147,,,,,0.001049,2.283300,1.811800,0.407925,2.652400,2.074500,1.308448,2.706800,2.050800,1.077178,2.277300,1.761200,,,,,,,-2.000803,5.943600,3.358600,-1.210996,5.141100,3.307100,-0.441815,5.211200,3.184700,-0.495534,5.061000,3.001900,,,,,,,-0.011079,-0.045448,-0.105089,-0.153628,-0.143704,3.698114,9,12.700000,
221,2026-09-27 09:05:50.521974,ridge,1.300000,2000,rf,500,25,17,12,sqrt,0,-1,lgbm,regression,gbdt,15,7,0.160000,350,12,0.900000,0.620000,0.090000,0.150000,0,-1,-1,0,cuda,672,72,48,True,30,128,656,5,4,6,10,54.862834,0.008108,0.200000,1500,13,0.040000,48,24,1,0.060000,0.080000,0.188000,0.000000,0.104000,-5.200000,0.600000,0.040000,0.072000,0.320000,0.100000,0.250000,0.500000,0.750000,0.900000,96,1,3600.000000,0.150000,0.110000,4,0.700000,cuda,60,24,66,0.038923,0.059295,0.032906,-0.000747,0.002260,,,,,0.193618,2.148500,1.708100,0.407925,2.652400,2.074500,1.308448,2.706800,2.050800,1.077178,2.277300,1.761200,,,,,,,-1.737727,5.801700,3.192000,-1.210996,5.141100,3.307100,-0.441815,5.211200,3.184700,-0.495534,5.061000,3.001900,,,,,,,-0.014320,-0.036731,-0.065117,-0.102295,-0.119304,3.699156,1,13.940000,
222,2026-09-27 09:13:04.897188,ridge,1.300000,2000,rf,500,25,17,12,sqrt,0,-1,lgbm,regression,gbdt,15,7,0.160000,350,12,0.900000,0.620000,0.090000,0.150000,0,-1,-1,0,cuda,672,72,48,True,32,128,400,5,4,6,10,64.347461,0.010622,0.180000,1500,13,0.040000,48,24,1,0.058000,0.080000,0.192000,0.000000,0.114000,-5.200000,0.600000,0.040000,0.072000,0.320000,0.100000,0.250000,0.500000,0.750000,0.900000,96,1,3600.000000,0.150000,0.110000,4,0.700000,cuda,60,24,66,0.029042,0.033523,0.033164,0.021928,0.040051,,,,,0.180427,2.109400,1.671100,0.407925,2.652400,2.074500,1.308448,2.706800,2.050800,1.077178,2.277300,1.761200,,,,,,,-1.727984,5.776800,3.209100,-1.210996,5.141100,3.307100,-0.441815,5.211200,3.184700,-0.495534,5.061000,3.001900,,,,,,,-0.012122,-0.040121,-0.063441,-0.093205,-0.100268,3.616416,9,10.580000,
223,2026-09-27 09:15:32.056258,ridge,1.300000,2000,rf,500,25,17,12,sqrt,0,-1,lgbm,regression,gbdt,15,7,0.160000,350,12,0.900000,0.620000,0.090000,0.150000,0,-1,-1,0,cuda,672,72,48,True,32,128,400,5,4,6,10,53.496688,0.011617,0.180000,1300,13,0.042000,48,24,1,0.058000,0.080000,0.192000,0.000000,0.104000,-5.100000,0.600000,0.040000,0.072000,0.320000,0.100000,0.250000,0.500000,0.750000,0.900000,96,1,3600.000000,0.150000,0.110000,4,0.700000,cuda,60,24,66,0.044453,0.066705,0.049681,0.017983,0.019441,,,,,0.309349,2.227900,1.772100,0.407925,2.652400,2.074500,1.308448,2.706800,2.050800,1.077178,2.277300,1.761200,,,,,,,-1.596397,5.731700,3.249700,-1.210996,5.141100,3.307100,-0.441815,5.211200,3.184700,-0.495534,5.061000,3.001900,,,,,,,-0.001989,-0.014826,-0.045299,-0.092684,-0.107793,3.819104,3,14.600000,
224,2026-09-27 09:16:23.012002,ridge,1.300000,2000,rf,500,25,17,12,sqrt,0,-1,lgbm,regression,gbdt,15,7,0.160000,350,12,0.900000,0.620000,0.090000,0.150000,0,-1,-1,0,cuda,672,72,48,True,32,128,416,5,4,6,10,57.348283,0.011838,0.180000,1300,13,0.042000,48,24,1,0.058000,0.080000,0.188000,0.000000,0.110000,-5.200000,0.600000,0.040000,0.072000,0.320000,0.100000,0.250000,0.500000,0.750000,0.900000,96,1,3600.000000,0.150000,0.110000,4,0.700000,cuda,60,24,66,0.006183,-0.023587,-0.051266,-0.061617,-0.029927,,,,,-0.281101,2.212900,1.751300,0.407925,2.652400,2.074500,1.308448,2.706800,2.050800,1.077178,2.277300,1.761200,,,,,,,-2.363218,6.134900,3.424100,-1.210996,5.141100,3.307100,-0.441815,5.211200,3.184700,-0.495534,5.061000,3.001900,,,,,,,-0.041961,-0.103338,-0.157912,-0.186038,-0.158568,3.786062,1,13.840000,
225,2026-09-27 09:23:31.133427,ridge,1.300000,2000,rf,500,25,17,12,sqrt,0,-1,lgbm,regression,gbdt,15,7,0.160000,350,12,0.900000,0.620000,0.090000,0.150000,0,-1,-1,0,cuda,672,72,48,True,32,128,400,5,4,6,10,60.316224,0.011670,0.180000,1000,14,0.042000,48,24,1,0.054000,0.080000,0.192000,0.000000,0.114000,-5.100000,0.700000,0.040000,0.072000,0.320000,0.100000,0.250000,0.500000,0.750000,0.900000,96,1,3600.000000,0.150000,0.110000,4,0.700000,cuda,60,24,66,0.028046,0.048455,0.026638,0.014923,0.013726,,,,,0.168572,2.198400,1.747700,0.407925,2.652400,2.074500,1.308448,2.706800,2.050800,1.077178,2.277300,1.761200,,,,,,,-1.885538,5.823000,3.285000,-1.210996,5.141100,3.307100,-0.441815,5.211200,3.184700,-0.495534,5.061000,3.001900,,,,,,,-0.020355,-0.039227,-0.092535,-0.113582,-0.127202,3.759948,9,11.020000,
226,2026-09-27 09:33:26.536751,ridge,1.300000,2000,rf,500,25,17,12,sqrt,0,-1,lgbm,regression,gbdt,15,7,0.160000,350,12,0.900000,0.620000,0.090000,0.150000,0,-1,-1,0,cuda,672,72,48,True,30,128,624,5,4,6,10,55.911532,0.013458,0.180000,700,14,0.042000,48,24,1,0.058000,0.080000,0.188000,0.000000,0.116000,-4.900000,0.600000,0.040000,0.064000,0.320000,0.100000,0.250000,0.500000,0.750000,0.900000,96,1,3600.000000,0.150000,0.110000,4,0.700000,cuda,60,24,66,-0.026925,-0.056990,-0.036888,-0.067037,-0.010091,,,,,-0.220504,2.013300,1.590800,0.407925,2.652400,2.074500,1.308448,2.706800,2.050800,1.077178,2.277300,1.761200,,,,,,,-2.318430,6.014700,3.334600,-1.210996,5.141100,3.307100,-0.441815,5.211200,3.184700,-0.495534,5.061000,3.001900,,,,,,,-0.049858,-0.123231,-0.155864,-0.196990,-0.154470,3.359104,9,10.770000,
227,2026-09-27 09:41:26.713939,ridge,1.300000,2000,rf,500,25,17,12,sqrt,0,-1,lgbm,regression,gbdt,15,7,0.160000,350,12,0.900000,0.620000,0.090000,0.150000,0,-1,-1,0,cuda,672,72,48,True,30,128,400,5,4,6,10,55.823349,0.012409,0.180000,900,14,0.042000,48,24,1,0.058000,0.080000,0.192000,0.000000,0.120000,-4.900000,0.700000,0.040000,0.064000,0.280000,0.100000,0.250000,0.500000,0.750000,0.900000,96,1,3600.000000,0.150000,0.110000,4,0.700000,cuda,60,24,66,0.015585,0.025596,0.014213,-0.005392,0.013726,,,,,0.110569,2.207400,1.755700,0.407925,2.652400,2.074500,1.308448,2.706800,2.050800,1.077178,2.277300,1.761200,,,,,,,-1.880291,5.860800,3.302200,-1.210996,5.141100,3.307100,-0.441815,5.211200,3.184700,-0.495534,5.061000,3.001900,,,,,,,-0.026129,-0.059343,-0.090374,-0.121964,-0.122843,3.776594,9,11.090000,
228,2026-09-27 09:48:20.885864,ridge,1.300000,2000,rf,500,25,17,12,sqrt,0,-1,lgbm,regression,gbdt,15,7,0.160000,350,12,0.900000,0.620000,0.090000,0.150000,0,-1,-1,0,cuda,672,72,48,True,30,128,400,5,4,6,10,58.893161,0.012824,0.180000,1000,14,0.044000,48,24,1,0.054000,0.080000,0.192000,0.000000,0.114000,-4.800000,0.700000,0.040000,0.064000,0.280000,0.100000,0.250000,0.500000,0.750000,0.900000,96,1,3600.000000,0.150000,0.110000,4,0.700000,cuda,60,24,66,0.016101,0.034003,0.041091,0.029228,0.017819,,,,,0.254650,2.186500,1.735300,0.407925,2.652400,2.074500,1.308448,2.706800,2.050800,1.077178,2.277300,1.761200,,,,,,,-1.743556,5.924800,3.311500,-1.210996,5.141100,3.307100,-0.441815,5.211200,3.184700,-0.495534,5.061000,3.001900,,,,,,,-0.025048,-0.050775,-0.059715,-0.084004,-0.111667,3.788406,9,10.470000,
229,2026-09-27 09:49:05.397560,ridge,1.300000,2000,rf,500,25,17,12,sqrt,0,-1,lgbm,regression,gbdt,15,7,0.160000,350,12,0.900000,0.620000,0.090000,0.150000,0,-1,-1,0,cuda,672,72,48,True,30,128,400,5,4,6,10,57.914256,0.014799,0.180000,1000,14,0.044000,48,24,1,0.054000,0.080000,0.192000,0.000000,0.116000,-4.900000,1.000000,0.040000,0.064000,0.280000,0.100000,0.250000,0.500000,0.750000,0.900000,96,1,3600.000000,0.150000,0.110000,4,0.700000,cuda,60,24,66,0.037005,0.049746,0.028924,0.001760,0.009892,,,,,0.182552,2.246100,1.786800,0.407925,2.652400,2.074500,1.308448,2.706800,2.050800,1.077178,2.277300,1.761200,,,,,,,-1.811500,5.816100,3.302700,-1.210996,5.141100,3.307100,-0.441815,5.211200,3.184700,-0.495534,5.061000,3.001900,,,,,,,-0.013314,-0.039376,-0.076181,-0.114700,-0.120161,3.751677,1,13.160000,
230,2026-09-27 09:56:12.867856,ridge,1.300000,2000,rf,500,25,17,12,sqrt,0,-1,lgbm,regression,gbdt,15,7,0.160000,350,12,0.900000,0.620000,0.090000,0.150000,0,-1,-1,0,cuda,672,72,48,True,30,128,400,5,4,6,10,56.551289,0.011919,0.180000,1000,14,0.044000,48,24,1,0.054000,0.080000,0.192000,0.000000,0.116000,-4.600000,0.900000,0.040000,0.064000,0.280000,0.100000,0.250000,0.500000,0.750000,0.900000,96,1,3600.000000,0.150000,0.110000,4,0.700000,cuda,60,24,66,-0.002223,-0.009024,-0.043893,-0.064088,-0.012672,,,,,-0.208517,2.312400,1.834400,0.407925,2.652400,2.074500,1.308448,2.706800,2.050800,1.077178,2.277300,1.761200,,,,,,,-2.368424,6.197900,3.523600,-1.210996,5.141100,3.307100,-0.441815,5.211200,3.184700,-0.495534,5.061000,3.001900,,,,,,,-0.043302,-0.094695,-0.157689,-0.189167,-0.146387,3.888573,9,11.480000,
231,2026-09-27 10:03:24.720563,ridge,1.300000,2000,rf,500,25,17,12,sqrt,0,-1,lgbm,regression,gbdt,15,7,0.160000,350,12,0.900000,0.620000,0.090000,0.150000,0,-1,-1,0,cuda,672,72,48,True,30,128,400,5,4,6,10,56.639419,0.013604,0.180000,1000,14,0.044000,48,24,1,0.054000,0.080000,0.192000,0.000000,0.116000,-4.600000,0.900000,0.040000,0.064000,0.280000,0.100000,0.250000,0.500000,0.750000,0.900000,96,1,3600.000000,0.150000,0.110000,4,0.700000,cuda,60,24,66,0.017834,0.015126,0.015798,0.006553,0.030944,,,,,0.115812,2.138300,1.687400,0.407925,2.652400,2.074500,1.308448,2.706800,2.050800,1.077178,2.277300,1.761200,,,,,,,-1.862651,5.905800,3.296500,-1.210996,5.141100,3.307100,-0.441815,5.211200,3.184700,-0.495534,5.061000,3.001900,,,,,,,-0.021658,-0.057294,-0.084190,-0.111943,-0.105297,3.678885,9,11.560000,
232,2026-09-27 10:10:37.451213,ridge,1.300000,2000,rf,500,25,17,12,sqrt,0,-1,lgbm,regression,gbdt,15,7,0.160000,350,12,0.900000,0.620000,0.090000,0.150000,0,-1,-1,0,cuda,672,72,48,True,32,128,400,5,4,6,10,63.817852,0.013656,0.180000,1000,14,0.044000,48,24,1,0.054000,0.080000,0.192000,0.000000,0.116000,-4.600000,1.000000,0.040000,0.064000,0.280000,0.100000,0.250000,0.500000,0.750000,0.900000,96,1,3600.000000,0.150000,0.110000,4,0.700000,cuda,60,24,66,0.019751,0.021504,0.010710,0.010646,0.017118,,,,,0.051709,2.089500,1.659900,0.407925,2.652400,2.074500,1.308448,2.706800,2.050800,1.077178,2.277300,1.761200,,,,,,,-1.879944,5.798700,3.205100,-1.210996,5.141100,3.307100,-0.441815,5.211200,3.184700,-0.495534,5.061000,3.001900,,,,,,,-0.017672,-0.060423,-0.094025,-0.101699,-0.112599,3.376834,9,10.530000,
233,2026-09-27 10:11:29.778502,ridge,1.300000,2000,rf,500,25,17,12,sqrt,0,-1,lgbm,regression,gbdt,15,7,0.160000,350,12,0.900000,0.620000,0.090000,0.150000,0,-1,-1,0,cuda,672,72,48,True,32,128,400,5,4,6,10,64.221622,0.013369,0.180000,900,14,0.044000,48,24,1,0.054000,0.080000,0.192000,0.000000,0.116000,-4.400000,1.000000,0.040000,0.064000,0.280000,0.100000,0.250000,0.500000,0.750000,0.900000,96,1,3600.000000,0.150000,0.110000,4,0.700000,cuda,60,24,66,0.041467,0.042482,0.029071,-0.028398,-0.007289,,,,,0.171203,2.189700,1.744100,0.407925,2.652400,2.074500,1.308448,2.706800,2.050800,1.077178,2.277300,1.761200,,,,,,,-1.770517,5.781300,3.246800,-1.210996,5.141100,3.307100,-0.441815,5.211200,3.184700,-0.495534,5.061000,3.001900,,,,,,,-0.005193,-0.037029,-0.072344,-0.133736,-0.128282,3.631427,1,14.300000,
234,2026-09-27 10:18:42.400262,ridge,1.300000,2000,rf,500,25,17,12,sqrt,0,-1,lgbm,regression,gbdt,15,7,0.160000,350,12,0.900000,0.620000,0.090000,0.150000,0,-1,-1,0,cuda,672,72,48,True,30,128,416,5,4,6,10,64.657537,0.012413,0.180000,1100,14,0.042000,48,24,1,0.054000,0.080000,0.196000,0.000000,0.116000,-4.600000,0.900000,0.040000,0.064000,0.280000,0.100000,0.250000,0.500000,0.750000,0.900000,96,1,3600.000000,0.150000,0.110000,4,0.700000,cuda,60,24,66,0.043531,0.052253,0.024721,0.014112,0.023681,,,,,0.157382,2.176600,1.731300,0.407925,2.652400,2.074500,1.308448,2.706800,2.050800,1.077178,2.277300,1.761200,,,,,,,-1.840383,5.886400,3.295800,-1.210996,5.141100,3.307100,-0.441815,5.211200,3.184700,-0.495534,5.061000,3.001900,,,,,,,-0.002921,-0.028014,-0.076628,-0.098309,-0.112599,3.649667,9,10.520000,
235,2026-09-27 10:25:45.964741,ridge,1.300000,2000,rf,500,25,17,12,sqrt,0,-1,lgbm,regression,gbdt,15,7,0.160000,350,12,0.900000,0.620000,0.090000,0.150000,0,-1,-1,0,cuda,672,72,48,True,30,128,416,5,4,6,10,64.017391,0.014208,0.180000,1100,14,0.044000,48,24,1,0.054000,0.080000,0.196000,0.000000,0.116000,-4.600000,0.900000,0.040000,0.064000,0.280000,0.100000,0.250000,0.500000,0.750000,0.900000,96,1,3600.000000,0.150000,0.110000,4,0.700000,cuda,60,24,66,0.023216,0.045137,0.037662,0.011973,0.032050,,,,,0.210324,2.081900,1.653700,0.407925,2.652400,2.074500,1.308448,2.706800,2.050800,1.077178,2.277300,1.761200,,,,,,,-1.735899,5.846600,3.240500,-1.210996,5.141100,3.307100,-0.441815,5.211200,3.184700,-0.495534,5.061000,3.001900,,,,,,,-0.013016,-0.033341,-0.063590,-0.100991,-0.104999,3.559698,9,10.970000,
236,2026-09-27 10:32:46.660765,ridge,1.300000,2000,rf,500,25,17,12,sqrt,0,-1,lgbm,regression,gbdt,15,7,0.160000,350,12,0.900000,0.620000,0.090000,0.150000,0,-1,-1,0,cuda,672,72,48,True,30,128,416,5,4,6,10,46.061337,0.013929,0.180000,1100,14,0.044000,48,24,1,0.052000,0.080000,0.196000,0.000000,0.116000,-4.600000,1.000000,0.040000,0.064000,0.280000,0.100000,0.250000,0.500000,0.750000,0.900000,96,1,3600.000000,0.150000,0.110000,4,0.700000,cuda,60,24,66,0.010312,0.001447,-0.021402,-0.024970,-0.003860,,,,,-0.090529,2.221500,1.766200,0.407925,2.652400,2.074500,1.308448,2.706800,2.050800,1.077178,2.277300,1.761200,,,,,,,-2.022455,5.877900,3.342600,-1.210996,5.141100,3.307100,-0.441815,5.211200,3.184700,-0.495534,5.061000,3.001900,,,,,,,-0.027880,-0.069103,-0.115408,-0.131538,-0.132640,3.782031,9,11.440000,
237,2026-09-27 10:33:35.237583,ridge,1.300000,2000,rf,500,25,17,12,sqrt,0,-1,lgbm,regression,gbdt,15,7,0.160000,350,12,0.900000,0.620000,0.090000,0.150000,0,-1,-1,0,cuda,672,72,48,True,30,128,416,5,4,6,10,36.750570,0.014527,0.180000,1100,14,0.044000,48,24,1,0.052000,0.080000,0.196000,0.000000,0.116000,-4.600000,1.100000,0.040000,0.064000,0.280000,0.100000,0.250000,0.500000,0.750000,0.900000,96,1,3600.000000,0.150000,0.110000,4,0.700000,cuda,60,24,66,0.026055,0.050704,0.055506,0.029670,0.028585,,,,,0.348036,2.298500,1.815300,0.407925,2.652400,2.074500,1.308448,2.706800,2.050800,1.077178,2.277300,1.761200,,,,,,,-1.703138,5.875600,3.361200,-1.210996,5.141100,3.307100,-0.441815,5.211200,3.184700,-0.495534,5.061000,3.001900,,,,,,,-0.020504,-0.037737,-0.058412,-0.089703,-0.107868,4.045688,1,13.730000,
238,2026-09-27 10:34:24.119656,ridge,1.300000,2000,rf,500,25,17,12,sqrt,0,-1,lgbm,regression,gbdt,15,7,0.160000,350,12,0.900000,0.620000,0.090000,0.150000,0,-1,-1,0,cuda,672,72,48,True,30,128,416,5,4,6,10,39.592115,0.014150,0.180000,1100,14,0.044000,48,24,1,0.052000,0.084000,0.196000,0.000000,0.118000,-4.500000,1.100000,0.040000,0.064000,0.280000,0.100000,0.250000,0.500000,0.750000,0.900000,96,1,3600.000000,0.150000,0.110000,4,0.700000,cuda,60,24,66,0.031254,0.042409,0.030177,0.000359,0.016455,,,,,0.233906,2.315300,1.828400,0.407925,2.652400,2.074500,1.308448,2.706800,2.050800,1.077178,2.277300,1.761200,,,,,,,-1.778003,5.869300,3.345400,-1.210996,5.141100,3.307100,-0.441815,5.211200,3.184700,-0.495534,5.061000,3.001900,,,,,,,-0.018902,-0.037625,-0.073871,-0.114662,-0.116473,4.059375,1,13.040000,
239,2026-09-27 10:35:09.790844,ridge,1.300000,2000,rf,500,25,17,12,sqrt,0,-1,lgbm,regression,gbdt,15,7,0.160000,350,12,0.900000,0.620000,0.090000,0.150000,0,-1,-1,0,cuda,672,72,48,True,30,128,416,5,4,6,10,35.287147,0.013916,0.180000,1100,14,0.044000,48,24,1,0.052000,0.084000,0.196000,0.000000,0.120000,-4.600000,1.200000,0.040000,0.064000,0.280000,0.100000,0.250000,0.500000,0.750000,0.900000,96,1,3600.000000,0.150000,0.110000,4,0.700000,cuda,60,24,66,0.016617,0.030242,0.033201,0.042132,0.043332,,,,,0.243350,2.309300,1.817900,0.407925,2.652400,2.074500,1.308448,2.706800,2.050800,1.077178,2.277300,1.761200,,,,,,,-1.878891,6.037100,3.443500,-1.210996,5.141100,3.307100,-0.441815,5.211200,3.184700,-0.495534,5.061000,3.001900,,,,,,,-0.027768,-0.051855,-0.077783,-0.085121,-0.104440,3.979469,1,13.540000,
240,2026-09-27 10:42:18.280166,ridge,1.300000,2000,rf,500,25,17,12,sqrt,0,-1,lgbm,regression,gbdt,15,7,0.160000,350,12,0.900000,0.620000,0.090000,0.150000,0,-1,-1,0,cuda,672,72,48,True,30,128,416,5,4,6,10,35.848840,0.013787,0.180000,1000,14,0.044000,48,24,1,0.054000,0.084000,0.196000,0.000000,0.118000,-4.600000,1.100000,0.040000,0.064000,0.280000,0.100000,0.250000,0.500000,0.750000,0.900000,96,1,3600.000000,0.150000,0.110000,4,0.700000,cuda,60,24,66,0.019751,0.033044,0.009641,0.019974,0.017708,,,,,0.119267,2.326000,1.834300,0.407925,2.652400,2.074500,1.308448,2.706800,2.050800,1.077178,2.277300,1.761200,,,,,,,-1.995465,6.022900,3.471100,-1.210996,5.141100,3.307100,-0.441815,5.211200,3.184700,-0.495534,5.061000,3.001900,,,,,,,-0.032238,-0.050849,-0.101252,-0.110751,-0.123737,4.046011,9,11.020000,
241,2026-09-27 10:49:19.573813,ridge,1.300000,2000,rf,500,25,17,12,sqrt,0,-1,lgbm,regression,gbdt,15,7,0.160000,350,12,0.900000,0.620000,0.090000,0.150000,0,-1,-1,0,cuda,672,72,48,True,30,128,416,5,4,6,10,35.270885,0.014364,0.180000,1100,14,0.044000,48,24,1,0.052000,0.084000,0.196000,0.000000,0.120000,-4.600000,1.200000,0.040000,0.064000,0.280000,0.100000,0.250000,0.500000,0.750000,0.900000,96,1,3600.000000,0.150000,0.110000,4,0.700000,cuda,60,24,66,0.006183,-0.013116,-0.014471,-0.034445,-0.002017,,,,,-0.062042,2.380000,1.893900,0.407925,2.652400,2.074500,1.308448,2.706800,2.050800,1.077178,2.277300,1.761200,,,,,,,-2.192049,6.070300,3.531200,-1.210996,5.141100,3.307100,-0.441815,5.211200,3.184700,-0.495534,5.061000,3.001900,,,,,,,-0.040173,-0.088996,-0.128260,-0.158918,-0.139867,4.109843,9,11.400000,
242,2026-09-27 10:55:54.716832,ridge,1.300000,2000,rf,500,25,17,12,sqrt,0,-1,lgbm,regression,gbdt,15,7,0.160000,350,12,0.900000,0.620000,0.090000,0.150000,0,-1,-1,0,cuda,672,72,48,True,30,128,384,5,4,6,10,43.430006,0.014058,0.180000,1000,15,0.044000,48,24,1,0.054000,0.084000,0.196000,0.000000,0.120000,-4.600000,1.200000,0.040000,0.064000,0.280000,0.100000,0.250000,0.500000,0.750000,0.900000,96,1,3600.000000,0.150000,0.110000,4,0.700000,cuda,60,24,66,0.014257,0.008673,-0.012296,0.003530,0.024566,,,,,-0.069175,2.196600,1.736900,0.407925,2.652400,2.074500,1.308448,2.706800,2.050800,1.077178,2.277300,1.761200,,,,,,,-2.087691,5.962400,3.377400,-1.210996,5.141100,3.307100,-0.441815,5.211200,3.184700,-0.495534,5.061000,3.001900,,,,,,,-0.031195,-0.071636,-0.122485,-0.124013,-0.122918,3.701520,9,10.960000,
243,2026-09-27 11:02:41.082701,ridge,1.300000,2000,rf,500,25,17,12,sqrt,0,-1,lgbm,regression,gbdt,15,7,0.160000,350,12,0.900000,0.620000,0.090000,0.150000,0,-1,-1,0,cuda,672,72,48,True,30,128,384,5,4,6,10,41.730867,0.014279,0.180000,1000,15,0.044000,48,24,1,0.054000,0.084000,0.196000,0.000000,0.122000,-4.500000,1.200000,0.040000,0.064000,0.280000,0.100000,0.250000,0.500000,0.750000,0.900000,96,1,3600.000000,0.150000,0.110000,4,0.700000,cuda,60,24,66,0.004561,0.009448,-0.001198,0.002203,0.027773,,,,,0.052071,2.310200,1.834500,0.407925,2.652400,2.074500,1.308448,2.706800,2.050800,1.077178,2.277300,1.761200,,,,,,,-1.974887,5.947300,3.429600,-1.210996,5.141100,3.307100,-0.441815,5.211200,3.184700,-0.495534,5.061000,3.001900,,,,,,,-0.033654,-0.059902,-0.101401,-0.119096,-0.114014,3.851344,9,10.540000,
244,2026-09-27 11:09:18.882467,ridge,1.300000,2000,rf,500,25,17,12,sqrt,0,-1,lgbm,regression,gbdt,15,7,0.160000,350,12,0.900000,0.620000,0.090000,0.150000,0,-1,-1,0,cuda,672,72,48,True,30,128,384,5,4,6,10,42.324641,0.014676,0.180000,1000,15,0.046000,48,24,1,0.054000,0.084000,0.192000,0.000000,0.126000,-4.400000,1.000000,0.040000,0.064000,0.280000,0.100000,0.250000,0.500000,0.750000,0.900000,96,1,3600.000000,0.150000,0.110000,4,0.700000,cuda,60,24,66,0.025871,0.041966,0.031062,0.016987,0.025488,,,,,0.201275,2.334900,1.855300,0.407925,2.652400,2.074500,1.308448,2.706800,2.050800,1.077178,2.277300,1.761200,,,,,,,-1.868563,5.880500,3.357400,-1.210996,5.141100,3.307100,-0.441815,5.211200,3.184700,-0.495534,5.061000,3.001900,,,,,,,-0.027917,-0.054053,-0.085978,-0.099426,-0.108575,3.929031,9,11.840000,
245,2026-09-27 11:10:04.029647,ridge,1.300000,2000,rf,500,25,17,12,sqrt,0,-1,lgbm,regression,gbdt,15,7,0.160000,350,12,0.900000,0.620000,0.090000,0.150000,0,-1,-1,0,cuda,672,72,48,True,30,128,384,5,4,6,10,43.439673,0.014603,0.180000,600,15,0.046000,48,24,1,0.054000,0.084000,0.196000,0.000000,0.128000,-4.400000,1.000000,0.040000,0.064000,0.280000,0.100000,0.250000,0.500000,0.750000,0.900000,96,1,3600.000000,0.150000,0.110000,4,0.700000,cuda,60,24,66,0.018940,0.032270,0.041828,0.038150,0.043406,,,,,0.258481,2.253700,1.795200,0.407925,2.652400,2.074500,1.308448,2.706800,2.050800,1.077178,2.277300,1.761200,,,,,,,-1.697832,5.800800,3.318700,-1.210996,5.141100,3.307100,-0.441815,5.211200,3.184700,-0.495534,5.061000,3.001900,,,,,,,-0.020243,-0.041574,-0.061876,-0.079385,-0.098145,3.785136,1,13.170000,
246,2026-09-27 11:10:51.141149,ridge,1.300000,2000,rf,500,25,17,12,sqrt,0,-1,lgbm,regression,gbdt,15,7,0.160000,350,12,0.900000,0.620000,0.090000,0.150000,0,-1,-1,0,cuda,672,72,48,True,30,128,384,5,4,6,10,44.949781,0.013000,0.180000,1000,14,0.044000,48,24,1,0.050000,0.084000,0.192000,0.000000,0.120000,-4.600000,1.300000,0.040000,0.064000,0.280000,0.100000,0.250000,0.500000,0.750000,0.900000,96,1,3600.000000,0.150000,0.110000,4,0.700000,cuda,60,24,66,-0.014169,-0.011936,-0.044151,-0.055829,-0.026572,,,,,-0.233780,2.289200,1.819200,0.407925,2.652400,2.074500,1.308448,2.706800,2.050800,1.077178,2.277300,1.761200,,,,,,,-2.338474,6.022100,3.480200,-1.210996,5.141100,3.307100,-0.441815,5.211200,3.184700,-0.495534,5.061000,3.001900,,,,,,,-0.049747,-0.096297,-0.159291,-0.192333,-0.164007,3.797010,1,12.990000,
